label,seed,status,wall_time,elapsed,attempts,returncode,run_dir,metric,auc_norm,early_window_mean,final_window_mean,retention_ratio,drop,slope_per_100,fresh_gap_final,fresh_gap_mean,n_tasks,global_steps,stream_seed,method,stream
adam_continual_backprop,0,skipped,4043.15,,,,adam_continual_backprop/seed0,online_accuracy,0.822377,0.82424,0.8256300000000001,1.0016864020188296,-0.0013900000000001134,0.0008341558538964803,-0.0020000000000000018,-0.0018666666666666337,200,1000000,0,continual_backprop,pmnist
adam_continual_backprop,1,skipped,4026.16,,,,adam_continual_backprop/seed1,online_accuracy,0.8217310000000001,0.82393,0.82161,0.9971842268153847,0.0023200000000000998,-0.0006700517512937976,-0.0030000000000000027,0.003266666666666652,200,1000000,1,continual_backprop,pmnist
adam_continual_backprop,2,skipped,4062.72,,,,adam_continual_backprop/seed2,online_accuracy,0.8232650000000001,0.8229000000000001,0.82391,1.0012273666302103,-0.0010099999999999554,0.0007320333008325904,0.007199999999999984,0.0005333333333333363,200,1000000,2,continual_backprop,pmnist
adam_l2_init,0,skipped,1856.10,,,,adam_l2_init/seed0,online_accuracy,0.807572,0.8069200000000001,0.8085700000000001,1.002044812372974,-0.0016500000000000403,0.0015802595064877002,-0.007799999999999918,-0.010999999999999985,200,1000000,0,l2_init,pmnist
adam_l2_init,1,skipped,1764.46,,,,adam_l2_init/seed1,online_accuracy,0.8095319999999999,0.8101700000000001,0.808,0.9973215497981905,0.0021700000000000053,9.222230555780291e-05,-0.023800000000000043,-0.013977777777777792,200,1000000,1,l2_init,pmnist
adam_l2_init,2,skipped,1895.49,,,,adam_l2_init/seed2,online_accuracy,0.8087190000000001,0.80486,0.80982,1.0061625624332182,-0.0049599999999999644,0.0010620415510388015,-0.024399999999999977,-0.015577777777777777,200,1000000,2,l2_init,pmnist
adam_nap,0,skipped,3131.97,,,,adam_nap/seed0,online_accuracy,0.844751,0.8430799999999999,0.8469899999999999,1.004637756796508,-0.003909999999999969,0.001745608640215792,-0.02080000000000004,-0.020511111111111122,200,1000000,0,nap,pmnist
adam_nap,1,skipped,3408.27,,,,adam_nap/seed1,online_accuracy,0.8443999999999999,0.8416399999999999,0.8435499999999999,1.0022693788318044,-0.0019099999999999673,0.0006771169279230732,-0.017800000000000038,-0.021177777777777778,200,1000000,1,nap,pmnist
adam_nap,2,skipped,3410.13,,,,adam_nap/seed2,online_accuracy,0.8448150000000001,0.8396399999999999,0.84756,1.009432613977419,-0.007920000000000038,0.0025526888172204146,-0.02760000000000007,-0.023022222222222215,200,1000000,2,nap,pmnist
adam_sin_cbp,0,skipped,6213.29,,,,adam_sin_cbp/seed0,online_accuracy,0.840592,0.83475,0.8440299999999998,1.0111171009284214,-0.009279999999999844,0.004047161179029696,-0.015800000000000036,-0.01640000000000001,200,1000000,0,continual_backprop,pmnist
adam_sin_cbp,1,skipped,6245.88,,,,adam_sin_cbp/seed1,online_accuracy,0.8392060000000001,0.83499,0.8396500000000001,1.0055809051605409,-0.0046600000000001085,0.0033468236705917636,-0.02180000000000004,-0.015177777777777771,200,1000000,1,continual_backprop,pmnist
adam_sin_cbp,2,skipped,6238.88,,,,adam_sin_cbp/seed2,online_accuracy,0.8390809999999999,0.8327899999999999,0.84085,1.0096783102582885,-0.008060000000000067,0.004644701117528178,-0.018199999999999994,-0.012911111111111095,200,1000000,2,continual_backprop,pmnist
adam_tri,0,skipped,7882.70,,,,adam_tri/seed0,online_accuracy,0.7844890000000001,0.79918,0.7608800000000001,0.9520758777747192,0.03829999999999989,-0.01197385434635853,0.07619999999999993,0.021644444444444428,200,1000000,0,baseline,pmnist
adam_tri,1,skipped,7935.45,,,,adam_tri/seed1,online_accuracy,0.7891670000000001,0.8108099999999998,0.7550800000000001,0.9312662645995983,0.055729999999999724,-0.014137718442960929,0.10640000000000005,0.03617777777777777,200,1000000,1,baseline,pmnist
adam_tri,2,skipped,7854.12,,,,adam_tri/seed2,online_accuracy,0.7882300000000001,0.79863,0.7978,0.9989607202333997,0.0008299999999999974,-0.002329438235955956,0.03080000000000005,0.02653333333333336,200,1000000,2,baseline,pmnist
adam_weight_clipping,0,skipped,4390.51,,,,adam_weight_clipping/seed0,online_accuracy,0.7972509999999999,0.8063799999999999,0.8022,0.9948163396909647,0.0041799999999998505,-0.0002639615990400053,0.008000000000000007,0.018155555555555553,200,1000000,0,weight_clipping,pmnist
adam_weight_clipping,1,skipped,4448.92,,,,adam_weight_clipping/seed1,online_accuracy,0.7900449999999999,0.81124,0.7924900000000001,0.9768872343572804,0.018749999999999822,-0.012535828395709582,0.12980000000000003,0.029977777777777794,200,1000000,1,weight_clipping,pmnist
adam_weight_clipping,2,skipped,4409.62,,,,adam_weight_clipping/seed2,online_accuracy,0.7953619999999999,0.8079500000000002,0.78523,0.9718794479856424,0.022720000000000184,-0.011582419560488968,0.013400000000000079,0.022266666666666657,200,1000000,2,weight_clipping,pmnist
sin/output_only_cbp,0,skipped,2195.69,,,,sin/output_only_cbp/seed0,online_accuracy,0.824901,0.82194,0.82454,1.0031632479256394,-0.0026000000000000467,0.0032932573314338686,-0.057599999999999985,-0.05019999999999999,200,1000000,0,continual_backprop,pmnist
sin/output_only_cbp,1,skipped,2141.75,,,,sin/output_only_cbp/seed1,online_accuracy,0.8223400000000001,0.8217299999999998,0.82561,1.004721745585533,-0.0038800000000001056,0.0024539113477837363,-0.05300000000000005,-0.04615555555555557,200,1000000,1,continual_backprop,pmnist
sin/output_only_cbp,2,skipped,2064.02,,,,sin/output_only_cbp/seed2,online_accuracy,0.8252280000000001,0.8176599999999998,0.82713,1.0115818310789328,-0.0094700000000002,0.0036309307732695618,-0.05699999999999994,-0.0584222222222222,200,1000000,2,continual_backprop,pmnist
