label,reference,metric,n_pairs,mean_label,mean_ref,mean_diff,ci_low,ci_high,p_perm,p_holm,cohen_dz,method,p_wilcoxon,t_p,better,worse
sin,baseline,auc_norm,10,0.7852538000000001,0.7742553999999999,0.01099840000000002,0.01017639000000005,0.011849320000000062,0.001953125,0.03125,7.809509674242068,stats,0.001953125,1.4035498672931141e-09,True,False
tanh,baseline,auc_norm,10,0.7851651000000001,0.7742553999999999,0.010909699999999956,0.009793589999999968,0.012053144999999928,0.001953125,0.03125,5.6042642512981296,stats,0.001953125,2.6302587937436762e-08,True,False
tri,baseline,auc_norm,10,0.8358271,0.7742553999999999,0.06157170000000002,0.05986727000000003,0.063242005,0.001953125,0.03125,21.271221053005533,stats,0.001953125,1.7914658885440463e-13,True,False
sin_refl,baseline,auc_norm,10,0.8258254,0.7742553999999999,0.05156999999999997,0.05056826999999998,0.05281472249999994,0.001953125,0.03125,26.664051252530875,stats,0.001953125,2.351191425714922e-14,True,False
tanh_refl,baseline,auc_norm,5,0.7993950000000002,0.7747501999999999,0.024644800000000043,0.023035600000000066,0.02625400000000002,0.0625,0.75,11.965834768933382,stats,0.0625,1.1598605639701055e-05,False,False
sin_floor,baseline,auc_norm,3,0.7868170000000001,0.774775,0.012041999999999997,0.011359000000000008,0.013016000000000028,0.25,1.0,13.905617723194782,stats,0.25,0.001719400145955477,False,False
weight_clipping,baseline,auc_norm,5,0.8364522000000001,0.7747501999999999,0.06170199999999999,0.06062859999999999,0.062458400000000004,0.0625,0.75,50.031396979105224,stats,0.0625,3.828330525170282e-08,False,False
l2_init,baseline,auc_norm,5,0.8304152,0.7747501999999999,0.055665000000000055,0.05511660000000009,0.05641019999999999,0.0625,0.75,67.42848294594319,stats,0.0625,1.160674215431528e-08,False,False
continual_backprop,baseline,auc_norm,5,0.8208838,0.7747501999999999,0.0461336,0.04566239999999997,0.046568400000000044,0.0625,0.75,78.1444268637553,stats,0.0625,6.4346418715134955e-09,False,False
nap,baseline,auc_norm,5,0.8328939999999999,0.7747501999999999,0.05814379999999999,0.057558200000000025,0.05872239999999993,0.0625,0.75,82.98020787747247,stats,0.0625,5.060915391098111e-09,False,False
ln_wd,baseline,auc_norm,5,0.8163424000000001,0.7747501999999999,0.04159220000000001,0.04108920000000007,0.04209519999999996,0.0625,0.75,64.31195879683418,stats,0.0625,1.4025046225037422e-08,False,False
shrink_perturb,baseline,auc_norm,3,0.8095293333333333,0.774775,0.03475433333333333,0.03338300000000005,0.03550600000000004,0.25,1.0,29.21902250987131,stats,0.25,0.0003902052653831137,False,False
upgd,baseline,auc_norm,3,0.8000113333333334,0.774775,0.025236333333333305,0.024495000000000045,0.026408999999999794,0.25,1.0,24.565223957437485,stats,0.25,0.0005519219022159566,False,False
parseval,baseline,auc_norm,3,0.8437749999999999,0.774775,0.06899999999999995,0.06815700000000002,0.0695539999999999,0.25,1.0,92.99368727892136,stats,0.25,3.854310514242619e-05,False,False
smooth_leaky,baseline,auc_norm,3,0.7992423333333334,0.774775,0.024467333333333324,0.023163000000000156,0.02520599999999995,0.25,1.0,21.597216500875717,stats,0.25,0.0007138680488414282,False,False
sin_act,baseline,auc_norm,3,0.8092496666666666,0.774775,0.03447466666666669,0.03293999999999997,0.03605600000000009,0.25,1.0,22.120073041451484,stats,0.25,0.0006805532542441236,False,False
sin,baseline,final_window_mean,10,0.7603129999999999,0.7432409999999999,0.01707200000000001,0.012534899999999965,0.02179005000000003,0.001953125,0.03125,2.1545399273675225,stats,0.001953125,7.788281740367645e-05,True,False
tanh,baseline,final_window_mean,10,0.761069,0.7432409999999999,0.017828,0.014224924999999979,0.02179099999999996,0.001953125,0.03125,2.7661644712862694,stats,0.001953125,1.0770694493314254e-05,True,False
tri,baseline,final_window_mean,10,0.839475,0.7432409999999999,0.09623400000000001,0.09306497500000004,0.09944010000000003,0.001953125,0.03125,17.78620729463549,stats,0.001953125,8.934561454231154e-13,True,False
sin_refl,baseline,final_window_mean,10,0.8250209999999999,0.7432409999999999,0.08177999999999999,0.0781339,0.08509105000000002,0.001953125,0.03125,13.728899208988118,stats,0.001953125,9.113512348736577e-12,True,False
tanh_refl,baseline,final_window_mean,5,0.779792,0.7446839999999999,0.03510800000000005,0.03172200000000001,0.03988600000000009,0.0625,0.75,6.607006495691764,stats,0.0625,0.00012219184533031124,False,False
sin_floor,baseline,final_window_mean,3,0.7663366666666667,0.7451066666666666,0.02122999999999997,0.020750000000000046,0.02155000000000007,0.25,1.0,50.151161012416296,stats,0.25,0.0001325044417356403,False,False
weight_clipping,baseline,final_window_mean,5,0.839368,0.7446839999999999,0.09468399999999999,0.09334799999999994,0.09612800000000002,0.0625,0.75,51.73502470470195,stats,0.0625,3.34854609010746e-08,False,False
l2_init,baseline,final_window_mean,5,0.83123,0.7446839999999999,0.08654600000000001,0.08499400000000004,0.088222,0.0625,0.75,41.07161891956814,stats,0.0625,8.427538783064533e-08,False,False
continual_backprop,baseline,final_window_mean,5,0.821194,0.7446839999999999,0.07651000000000001,0.07542599999999999,0.07749799999999987,0.0625,0.75,54.9905368071719,stats,0.0625,2.6234206861740528e-08,False,False
nap,baseline,final_window_mean,5,0.83385,0.7446839999999999,0.08916600000000001,0.08687000000000004,0.09195200000000003,0.0625,0.75,26.828061611288767,stats,0.0625,4.624342108110914e-07,False,False
ln_wd,baseline,final_window_mean,5,0.8087580000000001,0.7446839999999999,0.064074,0.06159200000000005,0.06645000000000001,0.0625,0.75,22.2875457191623,stats,0.0625,9.700573721884595e-07,False,False
shrink_perturb,baseline,final_window_mean,3,0.8100400000000002,0.7451066666666666,0.06493333333333344,0.06351000000000007,0.06593000000000016,0.25,1.0,51.32415045029904,stats,0.25,0.00012651813496043166,False,False
upgd,baseline,final_window_mean,3,0.78588,0.7451066666666666,0.04077333333333336,0.03852,0.04288000000000003,0.25,1.0,18.671697651290845,stats,0.25,0.0009547481451639742,False,False
parseval,baseline,final_window_mean,3,0.8436633333333333,0.7451066666666666,0.09855666666666667,0.09711999999999998,0.10087000000000013,0.25,1.0,48.721025978449234,stats,0.25,0.00014039590078737712,False,False
smooth_leaky,baseline,final_window_mean,3,0.7840833333333332,0.7451066666666666,0.038976666666666694,0.03822000000000003,0.04047000000000012,0.25,1.0,30.137298608852287,stats,0.25,0.0003668014990267044,False,False
sin_act,baseline,final_window_mean,3,0.7990433333333332,0.7451066666666666,0.05393666666666667,0.052059999999999995,0.05520000000000003,0.25,1.0,32.54259179082336,stats,0.25,0.0003146077972540304,False,False
sin,baseline,retention_ratio,10,0.926311846982834,0.9056671036770265,0.0206447433058077,0.015053127795623882,0.02647271118888752,0.001953125,0.03125,2.111269878892085,stats,0.001953125,9.094947141165411e-05,True,False
tanh,baseline,retention_ratio,10,0.9306031916933286,0.9056671036770265,0.024936088016302115,0.02096267864758773,0.02926082790038472,0.001953125,0.03125,3.5335857692091643,stats,0.001953125,1.4099822694848988e-06,True,False
tri,baseline,retention_ratio,10,1.0168232226069072,0.9056671036770265,0.11115611892988071,0.10796953452680211,0.11443004278941252,0.001953125,0.03125,20.277894786388547,stats,0.001953125,2.752837430283222e-13,True,False
sin_refl,baseline,retention_ratio,10,0.9952793706214813,0.9056671036770265,0.0896122669444547,0.08467036040654717,0.09399844146241046,0.001953125,0.03125,11.053608693269519,stats,0.001953125,6.342995442407143e-11,True,False
tanh_refl,baseline,retention_ratio,5,0.9389851570968224,0.9083116798349409,0.0306734772618815,0.027266269649134832,0.03596818077641948,0.0625,0.75,5.13736790678501,stats,0.0625,0.00032780894398923695,False,False
sin_floor,baseline,retention_ratio,3,0.9337829537671153,0.907925704913084,0.0258572488540314,0.02421628806645193,0.026946991948163634,0.25,1.0,17.876996655567318,stats,0.25,0.0010413837923459353,False,False
weight_clipping,baseline,retention_ratio,5,1.0170751530951996,0.9083116798349409,0.10876347326025862,0.10751980204750489,0.11000714447301234,0.0625,0.75,65.65079522730159,stats,0.0625,1.291566992976344e-08,False,False
l2_init,baseline,retention_ratio,5,1.0071022255221844,0.9083116798349409,0.09879054568724355,0.09692970597103301,0.10057702152167358,0.0625,0.75,40.94846405431308,stats,0.0625,8.529341723010955e-08,False,False
continual_backprop,baseline,retention_ratio,5,1.0032412739654177,0.9083116798349409,0.09492959413047689,0.09071588947957998,0.09766278050041896,0.0625,0.75,20.3630159640952,stats,0.0625,1.3913860053706424e-06,False,False
nap,baseline,retention_ratio,5,1.0067358978072771,0.9083116798349409,0.09842421797233611,0.09628836203080637,0.1006661151642623,0.0625,0.75,34.83819796829299,stats,0.0625,1.627464630979091e-07,False,False
ln_wd,baseline,retention_ratio,5,0.9762424478988769,0.9083116798349409,0.06793076806393612,0.06375643563433912,0.07104693644755926,0.0625,0.75,14.588019604280888,stats,0.0625,5.266350577956309e-06,False,False
shrink_perturb,baseline,retention_ratio,3,1.0002384791785488,0.907925704913084,0.09231277426546487,0.09130459096779442,0.0928201982579201,0.25,1.0,105.72763310320997,stats,0.25,2.98182602111032e-05,False,False
upgd,baseline,retention_ratio,3,0.9508753238956436,0.907925704913084,0.04294961898255963,0.04196152828946964,0.04479875851813231,0.25,1.0,26.798939820855633,stats,0.25,0.0004638112629006463,False,False
parseval,baseline,retention_ratio,3,1.0164417675696622,0.907925704913084,0.1085160626565782,0.10755545465205807,0.1101364728297134,0.25,1.0,76.88795537050055,stats,0.25,5.6380041530715416e-05,False,False
smooth_leaky,baseline,retention_ratio,3,0.9654521948883404,0.907925704913084,0.05752648997525652,0.05516243683104982,0.06045399987172029,0.25,1.0,21.382102735636217,stats,0.25,0.000728288215255237,False,False
sin_act,baseline,retention_ratio,3,0.9600728920272997,0.907925704913084,0.05214718711421573,0.051962313381965664,0.052308727251482834,0.25,1.0,299.04044249428,stats,0.25,3.727489799889819e-06,False,False
sin,baseline,fresh_gap_final,10,-0.007699999999999996,0.021220000000000006,-0.02892,-0.03494000000000003,-0.02315999999999997,0.001953125,0.03125,-2.888254117076889,stats,0.001953125,7.568192577251115e-06,True,False
tanh,baseline,fresh_gap_final,10,-0.019240000000000014,0.021220000000000006,-0.04046000000000002,-0.050600500000000055,-0.030259500000000005,0.001953125,0.03125,-2.3305774530544583,stats,0.001953125,4.2364770193159646e-05,True,False
tri,baseline,fresh_gap_final,10,-0.08000000000000002,0.021220000000000006,-0.10122000000000002,-0.11094150000000001,-0.09300000000000001,0.001953125,0.03125,-6.695052305710455,stats,0.001953125,5.4923806167945005e-09,True,False
sin_refl,baseline,fresh_gap_final,10,-0.025739999999999996,0.021220000000000006,-0.04696,-0.05338050000000002,-0.04093899999999999,0.001953125,0.03125,-4.479669023683529,stats,0.001953125,1.8521985531666572e-07,True,False
tanh_refl,baseline,fresh_gap_final,5,0.014359999999999973,0.02247999999999999,-0.008120000000000016,-0.013200000000000055,-0.0027999999999999805,0.125,0.875,-1.2073498532734763,stats,0.125,0.05411022040099841,False,False
sin_floor,baseline,fresh_gap_final,3,0.0031333333333333213,0.019733333333333342,-0.01660000000000002,-0.022199999999999998,-0.006199999999999983,0.25,1.0,-1.841264757038432,stats,0.25,0.0858491213816318,False,False
weight_clipping,baseline,fresh_gap_final,5,-0.07735999999999996,0.02247999999999999,-0.09983999999999996,-0.11043999999999987,-0.08727999999999998,0.0625,0.75,-6.52384613427226,stats,0.0625,0.00012844343874008376,False,False
l2_init,baseline,fresh_gap_final,5,-0.06700000000000002,0.02247999999999999,-0.08948,-0.09931999999999996,-0.08092000000000003,0.0625,0.75,-7.444991321123636,stats,0.0625,7.627442822738661e-05,False,False
continual_backprop,baseline,fresh_gap_final,5,-0.05492000000000001,0.02247999999999999,-0.0774,-0.0844,-0.07008,0.0625,0.75,-8.245247878248634,stats,0.0625,5.092446419959596e-05,False,False
nap,baseline,fresh_gap_final,5,-0.014120000000000021,0.02247999999999999,-0.03660000000000001,-0.042199999999999974,-0.03104,0.0625,0.75,-4.900516213725819,stats,0.0625,0.0003940109395032354,False,False
ln_wd,baseline,fresh_gap_final,5,0.0029200000000000116,0.02247999999999999,-0.019559999999999977,-0.029010999999999926,-0.01015999999999997,0.0625,0.75,-1.5770706654815112,stats,0.0625,0.024308493282245255,False,False
shrink_perturb,baseline,fresh_gap_final,3,-0.01840000000000001,0.019733333333333342,-0.03813333333333335,-0.04300000000000004,-0.033399999999999985,0.25,1.0,-7.942146701968451,stats,0.25,0.005242965069519308,False,False
upgd,baseline,fresh_gap_final,3,0.010799999999999957,0.019733333333333342,-0.008933333333333385,-0.01540000000000008,-0.0020000000000000018,0.25,1.0,-1.3309142502213434,stats,0.25,0.14761994858902516,False,False
parseval,baseline,fresh_gap_final,3,-0.09513333333333329,0.019733333333333342,-0.11486666666666663,-0.127,-0.10159999999999991,0.25,1.0,-9.017729513895247,stats,0.25,0.004074028086015017,False,False
smooth_leaky,baseline,fresh_gap_final,3,-0.05606666666666671,0.019733333333333342,-0.07580000000000005,-0.08779999999999999,-0.06520000000000004,0.25,1.0,-6.669682914241541,stats,0.25,0.007410033790581494,False,False
sin_act,baseline,fresh_gap_final,3,0.014400000000000043,0.019733333333333342,-0.005333333333333301,-0.007399999999999962,-0.0021999999999999797,0.25,1.0,-1.9329085428207662,stats,0.25,0.07881528552871131,False,False
sin,baseline,final_dead_frac/all,10,0.1412666667997837,0.17686666682362556,-0.03560000002384185,-0.05186833325959743,-0.020400000064323326,0.005859375,0.08203125,-1.3356309041755037,stats,0.005859375,0.0022274514371288926,False,False
tanh,baseline,final_dead_frac/all,10,0.11900000033279261,0.17686666682362556,-0.05786666649083296,-0.07606666659874221,-0.03680000046888986,0.00390625,0.0625,-1.7139147129246737,stats,0.00390625,0.0004219077204795354,False,False
tri,baseline,final_dead_frac/all,10,0.13919999931007626,0.17686666682362556,-0.03766666751354932,-0.05153333324411264,-0.023000000664653877,0.00390625,0.0625,-1.543942610593177,stats,0.00390625,0.000868526122962427,False,False
sin_refl,baseline,final_dead_frac/all,10,0.21333333289871614,0.17686666682362556,0.03646666607509056,0.018266665034306538,0.05473333480457465,0.0078125,0.1015625,1.1642660508388478,stats,0.009765625,0.00506185047044961,False,False
tanh_refl,baseline,final_dead_frac/all,5,0.12320000042517983,0.1600000006953875,-0.0368000002702077,-0.05255666698018707,-0.021200001339117668,0.0625,0.75,-1.7635693612721055,stats,0.0625,0.01691055766717067,False,False
sin_floor,baseline,final_dead_frac/all,3,0.11511111085613568,0.15222222250368858,-0.0371111116475529,-0.04466666529575983,-0.028000001857678092,0.25,1.0,-4.396260207508589,stats,0.25,0.01681320142284352,False,False
weight_clipping,baseline,final_dead_frac/all,5,0.1451999978472789,0.1600000006953875,-0.014800002848108612,-0.03173333813746772,0.0046666642775138375,0.25,1.0,-0.6236349865081234,stats,0.3125,0.23563042834612563,False,False
l2_init,baseline,final_dead_frac/all,5,0.012933333118756612,0.1600000006953875,-0.1470666675766309,-0.16466666797796886,-0.12946666727463402,0.0625,0.75,-6.307235133723512,stats,0.0625,0.00014670249519492052,False,False
continual_backprop,baseline,final_dead_frac/all,5,0.0,0.1600000006953875,-0.1600000006953875,-0.1773333343366782,-0.14413333450754484,0.0625,0.75,-7.487215392171426,stats,0.0625,7.458823699335422e-05,False,False
nap,baseline,final_dead_frac/all,5,0.15453333387772245,0.1600000006953875,-0.005466666817665089,-0.042400000815590214,0.02666666713853678,0.6875,1.0,-0.12453294275227579,stats,0.8125,0.7944584944746864,False,False
ln_wd,baseline,final_dead_frac/all,5,0.10199999955793222,0.1600000006953875,-0.05800000113745529,-0.07813333451747893,-0.03666666768491267,0.0625,0.75,-2.2267468782583677,stats,0.0625,0.007601883816979402,False,False
shrink_perturb,baseline,final_dead_frac/all,3,0.0011111110862758425,0.15222222250368858,-0.15111111141741274,-0.16266666675607364,-0.13200000077486038,0.25,1.0,-9.064250091844881,stats,0.25,0.004032568978779931,False,False
upgd,baseline,final_dead_frac/all,3,0.14911111084123452,0.15222222250368858,-0.003111111662454045,-0.02933333466450372,0.02133333198726181,0.75,1.0,-0.12258087477523456,stats,0.75,0.8515335300054415,False,False
parseval,baseline,final_dead_frac/all,3,0.009777777559227414,0.15222222250368858,-0.14244444494446118,-0.15533333358665305,-0.12666666756073633,0.25,1.0,-9.789968611239855,stats,0.25,0.0034598533693844993,False,False
smooth_leaky,baseline,final_dead_frac/all,3,0.011555555338660877,0.15222222250368858,-0.1406666671650277,-0.15133333367606003,-0.12133333422243593,0.25,1.0,-8.386497281028747,stats,0.25,0.004705908248008061,False,False
sin_act,baseline,final_dead_frac/all,3,0.0,0.15222222250368858,-0.15222222250368858,-0.16400000005960463,-0.13333333407839137,0.25,1.0,-9.2122833558298,stats,0.25,0.0039047625938056266,False,False
sin,baseline,final_w_abs_mean/all,10,0.09825538484508123,0.10854272344270703,-0.0102873385976258,-0.010684268397862769,-0.009928932765216182,0.001953125,0.03125,-15.902194959790014,stats,0.001953125,2.440310575199681e-12,True,False
tanh,baseline,final_w_abs_mean/all,10,0.09289936610937599,0.10854272344270703,-0.015643357333331047,-0.016118458959245584,-0.015214640831745853,0.001953125,0.03125,-19.97062533819078,stats,0.001953125,3.15748325777728e-13,True,False
tri,baseline,final_w_abs_mean/all,10,0.06395656075736647,0.10854272344270703,-0.04458616268534056,-0.04500377770537102,-0.044250446625062875,0.001953125,0.03125,-68.3261092892858,stats,0.001953125,4.957333449914846e-18,True,False
sin_refl,baseline,final_w_abs_mean/all,10,0.07628726489184127,0.10854272344270703,-0.03225545855086574,-0.03258178491511816,-0.031951974343006284,0.001953125,0.03125,-59.46511540631974,stats,0.001953125,1.730048595223954e-17,True,False
tanh_refl,baseline,final_w_abs_mean/all,5,0.09452904777910628,0.10854017601703973,-0.014011128237933457,-0.014191362432406929,-0.013800820916711204,0.0625,0.75,-57.80944857305746,stats,0.0625,2.1480415789927846e-08,False,False
sin_floor,baseline,final_w_abs_mean/all,3,0.09667717073109228,0.10853321782092294,-0.011856047089830651,-0.012373140484754228,-0.011542811894560731,0.25,1.0,-26.28001943685739,stats,0.25,0.0004822953839756867,False,False
weight_clipping,baseline,final_w_abs_mean/all,5,0.06423587058238099,0.10854017601703973,-0.044304305434658735,-0.04443253163389517,-0.04414600274375747,0.0625,0.75,-237.5358500891681,stats,0.0625,7.538489250120266e-11,False,False
l2_init,baseline,final_w_abs_mean/all,5,0.061314786282391606,0.10854017601703973,-0.04722538973464813,-0.04739444223016321,-0.04705633723913304,0.0625,0.75,-216.35429282048332,stats,0.0625,1.095309373375167e-10,False,False
continual_backprop,baseline,final_w_abs_mean/all,5,0.05057215598277163,0.10854017601703973,-0.05796802003426811,-0.05830683238223285,-0.05762920768630338,0.0625,0.75,-132.95866714472686,stats,0.0625,7.679127441813882e-10,False,False
nap,baseline,final_w_abs_mean/all,5,0.047355853357449386,0.10854017601703973,-0.061184322659590354,-0.06220132032428949,-0.06057357211506342,0.0625,0.75,-54.733787341947796,stats,0.0625,2.6729816252013967e-08,False,False
ln_wd,baseline,final_w_abs_mean/all,5,0.04298012201627736,0.10854017601703973,-0.06556005400076238,-0.06589393134625625,-0.06521972318837341,0.0625,0.75,-142.32842679037563,stats,0.0625,5.848117115546599e-10,False,False
shrink_perturb,baseline,final_w_abs_mean/all,3,0.06006643798029879,0.10853321782092294,-0.04846677984062415,-0.04861499333525568,-0.048306607359611765,0.25,1.0,-313.61879796733604,stats,0.25,3.3890062181312524e-06,False,False
upgd,baseline,final_w_abs_mean/all,3,0.09452260595228272,0.10853321782092294,-0.01401061186864023,-0.014739047321035592,-0.01311591920910228,0.25,1.0,-16.998272180816507,stats,0.25,0.0011516445417021775,False,False
parseval,baseline,final_w_abs_mean/all,3,0.04369015157022866,0.10853321782092294,-0.06484306625069428,-0.06504395145285777,-0.06470052182602451,0.25,1.0,-362.2647020320075,stats,0.25,2.539949319739646e-06,False,False
smooth_leaky,baseline,final_w_abs_mean/all,3,0.2627035373250243,0.10853321782092294,0.15417031950410143,0.15416340164399484,0.1541822746169399,0.25,1.0,14829.711383476677,stats,0.25,1.5157003349671808e-09,False,False
sin_act,baseline,final_w_abs_mean/all,3,0.09707394857425805,0.10853321782092294,-0.011459269246664891,-0.011563411198391535,-0.011337874567964437,0.25,1.0,-100.73743077269783,stats,0.25,3.284547956997495e-05,False,False
sin,baseline,final_effective_rank_c/last,10,28.05729480743408,25.527070083618163,2.530224723815918,1.7621927404403683,3.2828433418273923,0.001953125,0.03125,1.9515311314651993,stats,0.001953125,0.00016444677382033802,True,False
tanh,baseline,final_effective_rank_c/last,10,31.66532173156738,25.527070083618163,6.138251647949218,4.49260553264618,7.688114878654479,0.001953125,0.03125,2.2529177995562324,stats,0.001953125,5.5183016659256084e-05,True,False
tri,baseline,final_effective_rank_c/last,10,41.84033409118652,25.527070083618163,16.313264007568357,15.203357533454895,17.45124866485596,0.001953125,0.03125,8.407609635666514,stats,0.001953125,7.283469575382798e-10,True,False
sin_refl,baseline,final_effective_rank_c/last,10,45.32903656005859,25.527070083618163,19.80196647644043,18.8899504404068,20.835692658424378,0.001953125,0.03125,11.890115256662542,stats,0.001953125,3.3030967071634026e-11,True,False
tanh_refl,baseline,final_effective_rank_c/last,5,37.01027633666992,26.120230407714843,10.890045928955079,9.622645645141603,12.365502014160153,0.0625,0.75,5.998647759446141,stats,0.0625,0.0001786794231459273,False,False
sin_floor,baseline,final_effective_rank_c/last,3,30.707311375935873,26.75596071879069,3.951350657145184,1.9952186584472678,6.818681716918949,0.25,1.0,1.5571516289844505,stats,0.25,0.11436625550206717,False,False
weight_clipping,baseline,final_effective_rank_c/last,5,42.92612518310547,26.120230407714843,16.805894775390623,16.00887489318848,17.667397537231444,0.0625,0.75,15.3825101470519,stats,0.0625,4.262448661542691e-06,False,False
l2_init,baseline,final_effective_rank_c/last,5,45.83022216796875,26.120230407714843,19.709991760253907,18.6184684753418,21.026883087158204,0.0625,0.75,12.41311662763725,stats,0.0625,1.0021648730641595e-05,False,False
continual_backprop,baseline,final_effective_rank_c/last,5,41.58146942138672,26.120230407714843,15.461239013671875,14.065979614257813,16.856498413085937,0.0625,0.75,8.580464395962395,stats,0.0625,4.348542103982115e-05,False,False
nap,baseline,final_effective_rank_c/last,5,36.30586929321289,26.120230407714843,10.185638885498047,8.514449310302734,12.164951477050781,0.0625,0.75,4.27277330279114,stats,0.0625,0.0006703498314844221,False,False
ln_wd,baseline,final_effective_rank_c/last,5,33.22641036987305,26.120230407714843,7.106179962158206,5.976112136840822,8.722963180541994,0.0625,0.75,3.9963351317726024,stats,0.0625,0.0008672589547470172,False,False
shrink_perturb,baseline,final_effective_rank_c/last,3,35.33335622151693,26.75596071879069,8.577395502726239,7.661688232421874,9.543977737426761,0.25,1.0,9.103819461608863,stats,0.25,0.003997799852157594,False,False
upgd,baseline,final_effective_rank_c/last,3,39.33693211873373,26.75596071879069,12.580971399943033,11.532167053222656,13.891522598266599,0.25,1.0,10.473154666254345,stats,0.25,0.003025168049990221,False,False
parseval,baseline,final_effective_rank_c/last,3,52.86333363850912,26.75596071879069,26.107372919718426,25.58843460083008,26.464181900024418,0.25,1.0,56.77558439007193,stats,0.25,0.00010339229154610563,False,False
smooth_leaky,baseline,final_effective_rank_c/last,3,49.8693000793457,26.75596071879069,23.113339360555017,21.190504455566405,24.921547317504885,0.25,1.0,12.372243099726509,stats,0.25,0.0021705314746605724,False,False
sin_act,baseline,final_effective_rank_c/last,3,79.10574086507161,26.75596071879069,52.34978014628092,51.40282669067383,53.47403144836426,0.25,1.0,50.00345800170701,stats,0.25,0.00013328823920184452,False,False
