label,metric,n,mean,std,ci_low,ci_high
baseline,auc_norm,10,0.7742553999999999,0.0012220851216033963,0.7733811729685769,0.775129627031423
baseline,early_window_mean,10,0.8206579999999999,0.002031927382779374,0.8192044467142978,0.822111553285702
baseline,final_window_mean,10,0.7432409999999999,0.0044384342834933085,0.740065935383606,0.7464160646163939
baseline,retention_ratio,10,0.9056671036770265,0.005383401081479339,0.9018160505357803,0.9095181568182727
baseline,fresh_gap_final,10,0.021220000000000006,0.011362491901965067,0.013091762948893543,0.02934823705110647
baseline,final_dead_frac/all,10,0.17686666682362556,0.02473773504964677,0.1591703572177882,0.19456297642946294
baseline,final_w_abs_mean/all,10,0.10854272344270703,0.0006535469943513524,0.10807520408692142,0.10901024279849264
baseline,final_effective_rank_c/last,10,25.527070083618163,1.6683470107114398,24.33360652795022,26.720533639286106
sin,auc_norm,10,0.7852538000000001,0.0008759993404361396,0.7846271478221933,0.7858804521778069
sin,early_window_mean,10,0.820792,0.0017335051196924742,0.8195519251410924,0.8220320748589075
sin,final_window_mean,10,0.7603129999999999,0.005247270295644779,0.7565593289565157,0.7640666710434841
sin,retention_ratio,10,0.926311846982834,0.005287382907106286,0.9225294811057242,0.9300942128599438
sin,fresh_gap_final,10,-0.007699999999999996,0.01272451701768415,-0.0168025711237416,0.0014025711237416064
sin,final_dead_frac/all,10,0.1412666667997837,0.010306176347934026,0.13389407237513756,0.14863926122442983
sin,final_w_abs_mean/all,10,0.09825538484508123,0.00033667251305406916,0.0980145438378175,0.09849622585234495
sin,final_effective_rank_c/last,10,28.05729480743408,1.3534613309905412,27.089086897345748,29.02550271752241
tanh,auc_norm,10,0.7851651000000001,0.0012216438333472913,0.7842911886471786,0.7860390113528215
tanh,early_window_mean,10,0.817831,0.0026310811043709246,0.8159488379618193,0.8197131620381807
tanh,final_window_mean,10,0.761069,0.0033165391935302095,0.7586964907839858,0.7634415092160142
tanh,retention_ratio,10,0.9306031916933286,0.005046036260935268,0.9269934748062901,0.9342129085803671
tanh,fresh_gap_final,10,-0.019240000000000014,0.01683403958914464,-0.0312823464754782,-0.007197653524521825
tanh,final_dead_frac/all,10,0.11900000033279261,0.021331597683143716,0.10374029461476791,0.1342597060508173
tanh,final_w_abs_mean/all,10,0.09289936610937599,0.00029867287939394643,0.09268570840247539,0.09311302381627659
tanh,final_effective_rank_c/last,10,31.66532173156738,1.5557528972720673,30.552403152519936,32.77824031061483
weight_clipping,auc_norm,5,0.8364522000000001,0.0004535236487770259,0.8358890760129797,0.8370153239870205
weight_clipping,early_window_mean,5,0.82528,0.002043807720897434,0.8227422775337108,0.8278177224662893
weight_clipping,final_window_mean,5,0.839368,0.001998792135265618,0.8368861717657479,0.8418498282342521
weight_clipping,retention_ratio,5,1.0170751530951996,0.003345667971102448,1.0129209576255382,1.021229348564861
weight_clipping,fresh_gap_final,5,-0.07735999999999996,0.009846217547870857,-0.08958569384767334,-0.06513430615232657
weight_clipping,final_dead_frac/all,5,0.1451999978472789,0.009870269957539417,0.13294443898845001,0.1574555567061078
weight_clipping,final_w_abs_mean/all,5,0.06423587058238099,8.096077870996984e-05,0.06413534449819028,0.0643363966665717
weight_clipping,final_effective_rank_c/last,5,42.92612518310547,0.8269324315975048,41.89935295384375,43.952897412367186
l2_init,auc_norm,5,0.8304152,0.0006490852794509822,0.8296092541767417,0.8312211458232583
l2_init,early_window_mean,5,0.825372,0.0019499410247491478,0.8229508284309485,0.8277931715690515
l2_init,final_window_mean,5,0.83123,0.001677483233895374,0.8291471294608818,0.8333128705391183
l2_init,retention_ratio,5,1.0071022255221844,0.003260155866442973,1.0030542073542894,1.0111502436900794
l2_init,fresh_gap_final,5,-0.06700000000000002,0.005053711507397289,-0.0732750116360433,-0.060724988363956726
l2_init,final_dead_frac/all,5,0.012933333118756612,0.0046571331163131075,0.007150738593388124,0.0187159276441251
l2_init,final_w_abs_mean/all,5,0.061314786282391606,0.00011200351486329347,0.06117571555031358,0.061453857014469634
l2_init,final_effective_rank_c/last,5,45.83022216796875,1.191621650115364,44.35062846554034,47.30981587039716
continual_backprop,auc_norm,5,0.8208838,0.0009202106823983677,0.8197412075249034,0.8220263924750967
continual_backprop,early_window_mean,5,0.8185499999999999,0.0021645091822397452,0.8158624068746313,0.8212375931253685
continual_backprop,final_window_mean,5,0.821194,0.0038085338386313083,0.8164650806466307,0.8259229193533693
continual_backprop,retention_ratio,5,1.0032412739654177,0.006524853598706632,0.9951395981583534,1.011342949772482
continual_backprop,fresh_gap_final,5,-0.05492000000000001,0.005570637306448833,-0.06183685979046832,-0.048003140209531704
continual_backprop,final_dead_frac/all,5,0.0,0.0,0.0,0.0
continual_backprop,final_w_abs_mean/all,5,0.05057215598277163,0.0005366449656745249,0.049905823249076275,0.05123848871646698
continual_backprop,final_effective_rank_c/last,5,41.58146942138672,1.1530701314063017,40.149743751815436,43.01319509095801
nap,auc_norm,5,0.8328939999999999,0.00040600184728644366,0.8323898821230201,0.8333981178769797
nap,early_window_mean,5,0.8282779999999998,0.0027462829424515483,0.8248680393414767,0.831687960658523
nap,final_window_mean,5,0.83385,0.0010673799698326849,0.832524672719055,0.835175327280945
nap,retention_ratio,5,1.0067358978072771,0.003518908629825805,1.0023665956486538,1.0111051999659004
nap,fresh_gap_final,5,-0.014120000000000021,0.002791415411578892,-0.017586000020588674,-0.010653999979411369
nap,final_dead_frac/all,5,0.15453333387772245,0.023458710628646427,0.1254054974458522,0.1836611703095927
nap,final_w_abs_mean/all,5,0.047355853357449386,0.0010626342975053444,0.046036418606980455,0.04867528810791832
nap,final_effective_rank_c/last,5,36.30586929321289,1.0255241355425597,35.03251289482066,37.579225691605124
ln_wd,auc_norm,5,0.8163424000000001,0.0013253134723527934,0.8146968059750452,0.817987994024955
ln_wd,early_window_mean,5,0.828444,0.001978138013385345,0.825987817245301,0.8309001827546989
ln_wd,final_window_mean,5,0.8087580000000001,0.002789976702411692,0.8052937863727883,0.8122222136272119
ln_wd,retention_ratio,5,0.9762424478988769,0.004276242967669825,0.9709327909583493,0.9815521048394046
ln_wd,fresh_gap_final,5,0.0029200000000000116,0.0061767305267431,-0.004749423921663068,0.01058942392166309
ln_wd,final_dead_frac/all,5,0.10199999955793222,0.02019350840476889,0.07692644717430557,0.12707355194155887
ln_wd,final_w_abs_mean/all,5,0.04298012201627736,0.0003195679314051802,0.042583326020871094,0.04337691801168362
ln_wd,final_effective_rank_c/last,5,33.22641036987305,0.6109300966823028,32.46784046340349,33.98498027634261
shrink_perturb,auc_norm,3,0.8095293333333333,0.000172163681806911,0.809101655038763,0.8099570116279037
shrink_perturb,early_window_mean,3,0.80985,0.001724151965460171,0.8055669690818119,0.814133030918188
shrink_perturb,final_window_mean,3,0.8100400000000002,0.0005370288632839306,0.8087059463484182,0.8113740536515822
shrink_perturb,retention_ratio,3,1.0002384791785488,0.0027414618244730525,0.9934283104750514,1.0070486478820462
shrink_perturb,fresh_gap_final,3,-0.01840000000000001,0.006581793068761765,-0.03475008037304804,-0.002049919626951977
shrink_perturb,final_dead_frac/all,3,0.0011111110862758425,0.0003849001708565611,0.00015496605659191386,0.0020672561159597713
shrink_perturb,final_w_abs_mean/all,3,0.06006643798029879,0.00010856242652240411,0.059796753962495355,0.06033612199810222
shrink_perturb,final_effective_rank_c/last,3,35.33335622151693,0.29459318629602593,34.60154617781428,36.06516626521958
upgd,auc_norm,3,0.8000113333333334,0.0011957517858372777,0.7970409212282422,0.8029817454384246
upgd,early_window_mean,3,0.82648,0.0003477067730143681,0.825616248492524,0.827343751507476
upgd,final_window_mean,3,0.78588,0.00242616982093175,0.7798530600527129,0.7919069399472871
upgd,retention_ratio,3,0.9508753238956436,0.002553345062334764,0.9445324631351862,0.9572181846561009
upgd,fresh_gap_final,3,0.010799999999999957,0.00389358446678639,0.001127799992170584,0.02047220000782933
upgd,final_dead_frac/all,3,0.14911111084123452,0.017027212395042766,0.10681317040472613,0.1914090512777429
upgd,final_w_abs_mean/all,3,0.09452260595228272,0.0007202565962976956,0.09273338937928269,0.09631182252528275
upgd,final_effective_rank_c/last,3,39.33693211873373,0.6355543757617366,37.758127526036056,40.9157367114314
parseval,auc_norm,3,0.8437749999999999,0.0005734274147614599,0.8423505273340395,0.8451994726659604
parseval,early_window_mean,3,0.8300199999999999,0.00144010416289935,0.826442582940093,0.8335974170599068
parseval,final_window_mean,3,0.8436633333333333,0.0017044158334554567,0.8394293296849422,0.8478973369817244
parseval,retention_ratio,3,1.0164417675696622,0.0038176119551640232,1.0069582937430104,1.025925241396314
parseval,fresh_gap_final,3,-0.09513333333333329,0.00944951497873483,-0.1186072298497581,-0.07165943681690848
parseval,final_dead_frac/all,3,0.009777777559227414,0.0037908270506532946,0.00036084112397628647,0.019194713994478543
parseval,final_w_abs_mean/all,3,0.04369015157022866,5.7040334841922516e-05,0.043548455523356976,0.04383184761710034
parseval,final_effective_rank_c/last,3,52.86333363850912,0.6820458048966909,51.16903793342414,54.557629343594094
smooth_leaky,auc_norm,3,0.7992423333333334,0.00020275190093646872,0.798738669690088,0.7997459969765788
smooth_leaky,early_window_mean,3,0.8121466666666667,0.0021804663109833734,0.8067300880743518,0.8175632452589816
smooth_leaky,final_window_mean,3,0.7840833333333332,0.0011811152921427585,0.7811492802941964,0.7870173863724701
smooth_leaky,retention_ratio,3,0.9654521948883404,0.0038484049129579243,0.9558922271139764,0.9750121626627045
smooth_leaky,fresh_gap_final,3,-0.05606666666666671,0.012611634839834698,-0.08739570437912442,-0.024737628954209
smooth_leaky,final_dead_frac/all,3,0.011555555338660877,0.0013877773218423112,0.008108125357960516,0.015002985319361239
smooth_leaky,final_w_abs_mean/all,3,0.2627035373250243,0.00011684935765035924,0.26241326742909127,0.2629938072209574
smooth_leaky,final_effective_rank_c/last,3,49.8693000793457,1.1701706728162604,46.96243498181857,52.77616517687283
sin_act,auc_norm,3,0.8092496666666666,0.0006181879433743425,0.8077140026835811,0.8107853306497522
sin_act,early_window_mean,3,0.8322766666666667,0.0018584222699195763,0.8276600898216028,0.8368932435117306
sin_act,final_window_mean,3,0.7990433333333332,0.0008931591870060669,0.7968246029142951,0.8012620637523713
sin_act,retention_ratio,3,0.9600728920272997,0.0025908127497749423,0.9536369563715003,0.9665088276830992
sin_act,fresh_gap_final,3,0.014400000000000043,0.003340658617698034,0.006101343945692629,0.02269865605430746
sin_act,final_dead_frac/all,3,0.0,0.0,0.0,0.0
sin_act,final_w_abs_mean/all,3,0.09707394857425805,9.642788254585542e-05,0.09683440843476165,0.09731348871375445
sin_act,final_effective_rank_c/last,3,79.10574086507161,0.556738133381815,77.72272667236835,80.48875505777487
