label,seed,status,wall_time,elapsed,attempts,returncode,run_dir,metric,final_test_accuracy,final_train_accuracy,epochs,method,stream
cifar100/sin/lr=0.01,0,ok,102.84,114.6,1,0,cifar100/sin/lr=0.01/seed0,test_accuracy,0.1626,0.29068,20,baseline,cifar100_stationary
cifar100/sin/lr=0.01,1,ok,103.17,115.2,1,0,cifar100/sin/lr=0.01/seed1,test_accuracy,0.1645,0.29048,20,baseline,cifar100_stationary
cifar100/sin/lr=0.01,2,ok,105.80,116.7,1,0,cifar100/sin/lr=0.01/seed2,test_accuracy,0.163,0.28862,20,baseline,cifar100_stationary
cifar100/sin/lr=0.01,3,ok,102.74,111.2,1,0,cifar100/sin/lr=0.01/seed3,test_accuracy,0.1621,0.29102,20,baseline,cifar100_stationary
cifar100/sin/lr=0.01,4,ok,100.23,112.0,1,0,cifar100/sin/lr=0.01/seed4,test_accuracy,0.1642,0.2896,20,baseline,cifar100_stationary
cifar100/sin/lr=0.03,0,ok,101.09,112.5,1,0,cifar100/sin/lr=0.03/seed0,test_accuracy,0.156,0.39328,20,baseline,cifar100_stationary
cifar100/sin/lr=0.03,1,ok,101.14,110.6,1,0,cifar100/sin/lr=0.03/seed1,test_accuracy,0.1516,0.39752,20,baseline,cifar100_stationary
cifar100/sin/lr=0.03,2,ok,100.71,107.5,1,0,cifar100/sin/lr=0.03/seed2,test_accuracy,0.1548,0.39436,20,baseline,cifar100_stationary
cifar100/sin/lr=0.03,3,ok,102.01,112.9,1,0,cifar100/sin/lr=0.03/seed3,test_accuracy,0.1556,0.39378,20,baseline,cifar100_stationary
cifar100/sin/lr=0.03,4,ok,102.02,113.4,1,0,cifar100/sin/lr=0.03/seed4,test_accuracy,0.1597,0.3961,20,baseline,cifar100_stationary
cifar100/sin/lr=0.1,0,ok,100.61,111.2,1,0,cifar100/sin/lr=0.1/seed0,test_accuracy,0.138,0.40668,20,baseline,cifar100_stationary
cifar100/sin/lr=0.1,1,ok,102.06,111.7,1,0,cifar100/sin/lr=0.1/seed1,test_accuracy,0.1454,0.4032,20,baseline,cifar100_stationary
cifar100/sin/lr=0.1,2,ok,99.86,110.9,1,0,cifar100/sin/lr=0.1/seed2,test_accuracy,0.1452,0.3996,20,baseline,cifar100_stationary
cifar100/sin/lr=0.1,3,ok,99.06,110.8,1,0,cifar100/sin/lr=0.1/seed3,test_accuracy,0.1408,0.40292,20,baseline,cifar100_stationary
cifar100/sin/lr=0.1,4,ok,99.38,110.0,1,0,cifar100/sin/lr=0.1/seed4,test_accuracy,0.1401,0.39832,20,baseline,cifar100_stationary
cifar100/standard/lr=0.01,0,ok,58.95,69.9,1,0,cifar100/standard/lr=0.01/seed0,test_accuracy,0.1622,0.31664,20,baseline,cifar100_stationary
cifar100/standard/lr=0.01,1,ok,58.21,68.6,1,0,cifar100/standard/lr=0.01/seed1,test_accuracy,0.1619,0.3169,20,baseline,cifar100_stationary
cifar100/standard/lr=0.01,2,ok,58.12,69.7,1,0,cifar100/standard/lr=0.01/seed2,test_accuracy,0.164,0.31758,20,baseline,cifar100_stationary
cifar100/standard/lr=0.01,3,ok,59.06,71.6,1,0,cifar100/standard/lr=0.01/seed3,test_accuracy,0.1636,0.31992,20,baseline,cifar100_stationary
cifar100/standard/lr=0.01,4,ok,58.25,69.0,1,0,cifar100/standard/lr=0.01/seed4,test_accuracy,0.1587,0.31922,20,baseline,cifar100_stationary
cifar100/standard/lr=0.03,0,ok,59.18,69.6,1,0,cifar100/standard/lr=0.03/seed0,test_accuracy,0.1501,0.42106,20,baseline,cifar100_stationary
cifar100/standard/lr=0.03,1,ok,58.49,68.3,1,0,cifar100/standard/lr=0.03/seed1,test_accuracy,0.1509,0.41922,20,baseline,cifar100_stationary
cifar100/standard/lr=0.03,2,ok,57.55,68.7,1,0,cifar100/standard/lr=0.03/seed2,test_accuracy,0.1489,0.4157,20,baseline,cifar100_stationary
cifar100/standard/lr=0.03,3,ok,58.90,69.9,1,0,cifar100/standard/lr=0.03/seed3,test_accuracy,0.1527,0.41658,20,baseline,cifar100_stationary
cifar100/standard/lr=0.03,4,ok,58.23,68.2,1,0,cifar100/standard/lr=0.03/seed4,test_accuracy,0.1506,0.4214,20,baseline,cifar100_stationary
cifar100/standard/lr=0.1,0,ok,57.88,68.1,1,0,cifar100/standard/lr=0.1/seed0,test_accuracy,0.1261,0.336,20,baseline,cifar100_stationary
cifar100/standard/lr=0.1,1,ok,58.07,69.4,1,0,cifar100/standard/lr=0.1/seed1,test_accuracy,0.1241,0.33758,20,baseline,cifar100_stationary
cifar100/standard/lr=0.1,2,ok,59.22,70.6,1,0,cifar100/standard/lr=0.1/seed2,test_accuracy,0.1289,0.3378,20,baseline,cifar100_stationary
cifar100/standard/lr=0.1,3,ok,60.20,71.1,1,0,cifar100/standard/lr=0.1/seed3,test_accuracy,0.1293,0.33644,20,baseline,cifar100_stationary
cifar100/standard/lr=0.1,4,ok,61.39,70.1,1,0,cifar100/standard/lr=0.1/seed4,test_accuracy,0.1217,0.33224,20,baseline,cifar100_stationary
cifar100/tanh/lr=0.01,0,ok,98.96,109.2,1,0,cifar100/tanh/lr=0.01/seed0,test_accuracy,0.1617,0.2739,20,baseline,cifar100_stationary
cifar100/tanh/lr=0.01,1,ok,103.36,114.2,1,0,cifar100/tanh/lr=0.01/seed1,test_accuracy,0.1636,0.27314,20,baseline,cifar100_stationary
cifar100/tanh/lr=0.01,2,ok,107.53,119.4,1,0,cifar100/tanh/lr=0.01/seed2,test_accuracy,0.1623,0.2722,20,baseline,cifar100_stationary
cifar100/tanh/lr=0.01,3,ok,104.25,115.8,1,0,cifar100/tanh/lr=0.01/seed3,test_accuracy,0.1597,0.2722,20,baseline,cifar100_stationary
cifar100/tanh/lr=0.01,4,ok,104.41,115.4,1,0,cifar100/tanh/lr=0.01/seed4,test_accuracy,0.1603,0.27398,20,baseline,cifar100_stationary
cifar100/tanh/lr=0.03,0,ok,104.54,116.2,1,0,cifar100/tanh/lr=0.03/seed0,test_accuracy,0.1619,0.37752,20,baseline,cifar100_stationary
cifar100/tanh/lr=0.03,1,ok,106.02,118.2,1,0,cifar100/tanh/lr=0.03/seed1,test_accuracy,0.1558,0.37848,20,baseline,cifar100_stationary
cifar100/tanh/lr=0.03,2,ok,105.94,118.3,1,0,cifar100/tanh/lr=0.03/seed2,test_accuracy,0.1646,0.3774,20,baseline,cifar100_stationary
cifar100/tanh/lr=0.03,3,ok,105.43,114.6,1,0,cifar100/tanh/lr=0.03/seed3,test_accuracy,0.1583,0.38038,20,baseline,cifar100_stationary
cifar100/tanh/lr=0.03,4,ok,107.57,119.3,1,0,cifar100/tanh/lr=0.03/seed4,test_accuracy,0.1647,0.3785,20,baseline,cifar100_stationary
cifar100/tanh/lr=0.1,0,ok,106.05,117.5,1,0,cifar100/tanh/lr=0.1/seed0,test_accuracy,0.1482,0.41444,20,baseline,cifar100_stationary
cifar100/tanh/lr=0.1,1,ok,105.38,116.6,1,0,cifar100/tanh/lr=0.1/seed1,test_accuracy,0.141,0.41612,20,baseline,cifar100_stationary
cifar100/tanh/lr=0.1,2,ok,106.52,117.6,1,0,cifar100/tanh/lr=0.1/seed2,test_accuracy,0.1468,0.41632,20,baseline,cifar100_stationary
cifar100/tanh/lr=0.1,3,ok,101.47,112.8,1,0,cifar100/tanh/lr=0.1/seed3,test_accuracy,0.1505,0.41324,20,baseline,cifar100_stationary
cifar100/tanh/lr=0.1,4,ok,99.41,110.4,1,0,cifar100/tanh/lr=0.1/seed4,test_accuracy,0.1489,0.41324,20,baseline,cifar100_stationary
mnist/sin/lr=0.01,0,ok,36.92,43.7,1,0,mnist/sin/lr=0.01/seed0,test_accuracy,0.9662,0.97065,10,baseline,mnist_stationary
mnist/sin/lr=0.01,1,ok,34.28,39.0,1,0,mnist/sin/lr=0.01/seed1,test_accuracy,0.9644,0.9709,10,baseline,mnist_stationary
mnist/sin/lr=0.01,2,ok,34.35,39.8,1,0,mnist/sin/lr=0.01/seed2,test_accuracy,0.9646,0.9693333333333334,10,baseline,mnist_stationary
mnist/sin/lr=0.01,3,ok,33.47,38.0,1,0,mnist/sin/lr=0.01/seed3,test_accuracy,0.9676,0.97075,10,baseline,mnist_stationary
mnist/sin/lr=0.01,4,ok,31.44,36.3,1,0,mnist/sin/lr=0.01/seed4,test_accuracy,0.9666,0.9709166666666667,10,baseline,mnist_stationary
mnist/sin/lr=0.03,0,ok,32.76,36.8,1,0,mnist/sin/lr=0.03/seed0,test_accuracy,0.975,0.9867666666666667,10,baseline,mnist_stationary
mnist/sin/lr=0.03,1,ok,32.11,37.3,1,0,mnist/sin/lr=0.03/seed1,test_accuracy,0.973,0.9866166666666667,10,baseline,mnist_stationary
mnist/sin/lr=0.03,2,ok,31.78,36.9,1,0,mnist/sin/lr=0.03/seed2,test_accuracy,0.976,0.98445,10,baseline,mnist_stationary
mnist/sin/lr=0.03,3,ok,32.97,38.8,1,0,mnist/sin/lr=0.03/seed3,test_accuracy,0.976,0.9867333333333334,10,baseline,mnist_stationary
mnist/sin/lr=0.03,4,ok,32.09,37.0,1,0,mnist/sin/lr=0.03/seed4,test_accuracy,0.9748,0.9859833333333333,10,baseline,mnist_stationary
mnist/sin/lr=0.1,0,ok,33.04,38.5,1,0,mnist/sin/lr=0.1/seed0,test_accuracy,0.9765,0.9934333333333333,10,baseline,mnist_stationary
mnist/sin/lr=0.1,1,ok,32.43,36.6,1,0,mnist/sin/lr=0.1/seed1,test_accuracy,0.9756,0.9941,10,baseline,mnist_stationary
mnist/sin/lr=0.1,2,ok,32.56,37.2,1,0,mnist/sin/lr=0.1/seed2,test_accuracy,0.9786,0.99275,10,baseline,mnist_stationary
mnist/sin/lr=0.1,3,ok,39.86,43.7,1,0,mnist/sin/lr=0.1/seed3,test_accuracy,0.978,0.9935,10,baseline,mnist_stationary
mnist/sin/lr=0.1,4,ok,41.85,46.3,1,0,mnist/sin/lr=0.1/seed4,test_accuracy,0.9791,0.9932333333333333,10,baseline,mnist_stationary
mnist/standard/lr=0.01,0,ok,19.81,25.4,1,0,mnist/standard/lr=0.01/seed0,test_accuracy,0.9696,0.9747166666666667,10,baseline,mnist_stationary
mnist/standard/lr=0.01,1,ok,20.06,25.7,1,0,mnist/standard/lr=0.01/seed1,test_accuracy,0.9678,0.9755333333333334,10,baseline,mnist_stationary
mnist/standard/lr=0.01,2,ok,19.44,25.2,1,0,mnist/standard/lr=0.01/seed2,test_accuracy,0.9686,0.9745333333333334,10,baseline,mnist_stationary
mnist/standard/lr=0.01,3,ok,19.86,25.8,1,0,mnist/standard/lr=0.01/seed3,test_accuracy,0.9699,0.9759333333333333,10,baseline,mnist_stationary
mnist/standard/lr=0.01,4,ok,19.08,22.8,1,0,mnist/standard/lr=0.01/seed4,test_accuracy,0.9695,0.9758166666666667,10,baseline,mnist_stationary
mnist/standard/lr=0.03,0,ok,18.85,22.9,1,0,mnist/standard/lr=0.03/seed0,test_accuracy,0.9747,0.9894833333333334,10,baseline,mnist_stationary
mnist/standard/lr=0.03,1,ok,18.71,23.3,1,0,mnist/standard/lr=0.03/seed1,test_accuracy,0.9753,0.98905,10,baseline,mnist_stationary
mnist/standard/lr=0.03,2,ok,19.40,24.2,1,0,mnist/standard/lr=0.03/seed2,test_accuracy,0.9758,0.9885833333333334,10,baseline,mnist_stationary
mnist/standard/lr=0.03,3,ok,23.67,28.1,1,0,mnist/standard/lr=0.03/seed3,test_accuracy,0.9757,0.9894166666666667,10,baseline,mnist_stationary
mnist/standard/lr=0.03,4,ok,22.91,27.9,1,0,mnist/standard/lr=0.03/seed4,test_accuracy,0.9749,0.98945,10,baseline,mnist_stationary
mnist/standard/lr=0.1,0,ok,24.74,29.8,1,0,mnist/standard/lr=0.1/seed0,test_accuracy,0.9779,0.9929833333333333,10,baseline,mnist_stationary
mnist/standard/lr=0.1,1,ok,25.22,30.5,1,0,mnist/standard/lr=0.1/seed1,test_accuracy,0.9763,0.9925833333333334,10,baseline,mnist_stationary
mnist/standard/lr=0.1,2,ok,23.93,29.7,1,0,mnist/standard/lr=0.1/seed2,test_accuracy,0.9782,0.9930166666666667,10,baseline,mnist_stationary
mnist/standard/lr=0.1,3,ok,23.31,28.8,1,0,mnist/standard/lr=0.1/seed3,test_accuracy,0.9771,0.9938,10,baseline,mnist_stationary
mnist/standard/lr=0.1,4,ok,21.78,28.0,1,0,mnist/standard/lr=0.1/seed4,test_accuracy,0.9761,0.99265,10,baseline,mnist_stationary
mnist/tanh/lr=0.01,0,ok,42.62,47.6,1,0,mnist/tanh/lr=0.01/seed0,test_accuracy,0.9636,0.9669333333333333,10,baseline,mnist_stationary
mnist/tanh/lr=0.01,1,ok,38.82,44.5,1,0,mnist/tanh/lr=0.01/seed1,test_accuracy,0.962,0.9671333333333333,10,baseline,mnist_stationary
mnist/tanh/lr=0.01,2,ok,33.96,39.4,1,0,mnist/tanh/lr=0.01/seed2,test_accuracy,0.9615,0.9654333333333334,10,baseline,mnist_stationary
mnist/tanh/lr=0.01,3,ok,34.36,39.4,1,0,mnist/tanh/lr=0.01/seed3,test_accuracy,0.9638,0.9671833333333333,10,baseline,mnist_stationary
mnist/tanh/lr=0.01,4,ok,35.47,40.6,1,0,mnist/tanh/lr=0.01/seed4,test_accuracy,0.965,0.9672833333333334,10,baseline,mnist_stationary
mnist/tanh/lr=0.03,0,ok,33.69,38.8,1,0,mnist/tanh/lr=0.03/seed0,test_accuracy,0.9743,0.9837833333333333,10,baseline,mnist_stationary
mnist/tanh/lr=0.03,1,ok,33.24,38.2,1,0,mnist/tanh/lr=0.03/seed1,test_accuracy,0.9725,0.9844333333333334,10,baseline,mnist_stationary
mnist/tanh/lr=0.03,2,ok,34.37,39.9,1,0,mnist/tanh/lr=0.03/seed2,test_accuracy,0.9732,0.9826,10,baseline,mnist_stationary
mnist/tanh/lr=0.03,3,ok,32.88,37.6,1,0,mnist/tanh/lr=0.03/seed3,test_accuracy,0.9756,0.9841,10,baseline,mnist_stationary
mnist/tanh/lr=0.03,4,ok,32.98,37.9,1,0,mnist/tanh/lr=0.03/seed4,test_accuracy,0.9747,0.9831833333333333,10,baseline,mnist_stationary
mnist/tanh/lr=0.1,0,ok,34.68,40.2,1,0,mnist/tanh/lr=0.1/seed0,test_accuracy,0.9784,0.99385,10,baseline,mnist_stationary
mnist/tanh/lr=0.1,1,ok,34.41,39.1,1,0,mnist/tanh/lr=0.1/seed1,test_accuracy,0.9744,0.99385,10,baseline,mnist_stationary
mnist/tanh/lr=0.1,2,ok,33.66,38.1,1,0,mnist/tanh/lr=0.1/seed2,test_accuracy,0.978,0.9927666666666667,10,baseline,mnist_stationary
mnist/tanh/lr=0.1,3,ok,33.35,38.8,1,0,mnist/tanh/lr=0.1/seed3,test_accuracy,0.9787,0.9934666666666667,10,baseline,mnist_stationary
mnist/tanh/lr=0.1,4,ok,36.06,41.5,1,0,mnist/tanh/lr=0.1/seed4,test_accuracy,0.9791,0.9926,10,baseline,mnist_stationary
