label,base_label,seed,run_dir,run_path,n_tasks,window,auc_norm,early_window_mean,final_window_mean,retention_ratio,drop,slope_per_100,min_task_perf,last_task_perf,metric,fresh_gap_final,fresh_gap_mean,fresh_points,final_dead_frac/all,early_dead_frac/all,final_inactive_frac/all,early_inactive_frac/all,final_w_abs_mean/all,early_w_abs_mean/all,final_w_fro_norm/all,early_w_fro_norm/all,final_stable_rank/last,early_stable_rank/last,final_effective_rank/last,early_effective_rank/last,final_stable_rank_c/last,early_stable_rank_c/last,final_effective_rank_c/last,early_effective_rank_c/last,final_grad_norm_w,early_grad_norm_w,final_grad_norm_theta,early_grad_norm_theta,final_fisher_trace_w,early_fisher_trace_w,final_fisher_trace_theta,early_fisher_trace_theta,final_fisher_erank_w,early_fisher_erank_w,final_fisher_erank_theta,early_fisher_erank_theta,final_step_grad_norm_theta,early_step_grad_norm_theta,final_step_dw_norm,early_step_dw_norm,final_step_dtheta_norm,early_step_dtheta_norm,stream_seed,wall_time,global_steps,method,stream,n_logged_tasks,cfg.seed,cfg.stream_seed_offset,cfg.threads,cfg.log_every,cfg.save_model,cfg.model.name,cfg.model.hidden_sizes,cfg.model.activation,cfg.model.layer_norm,cfg.model.ln_affine,cfg.model.reparam.hidden,cfg.model.reparam.output,cfg.model.gamma,cfg.model.compact_bias,cfg.model.init,cfg.model.bias_init,cfg.model.learn_amplitude,cfg.model.theta_scale,cfg.method.name,cfg.method.replacement_rate,cfg.optimizer.name,cfg.optimizer.lr,cfg.optimizer.weight_decay,cfg.train.batch_size,cfg.train.epochs_per_task,cfg.metrics.every_n_tasks,cfg.metrics.probe_size,cfg.metrics.weights,cfg.metrics.representation,cfg.metrics.fisher,cfg.metrics.fisher_samples,cfg.metrics.update_tracking_every,cfg.fresh_reference.every_n_tasks,cfg.checkpoint.every_n_tasks,cfg.summary.window,cfg.stream.name,cfg.stream.n_tasks,cfg.stream.samples_per_task,cfg.stream.normalize,cfg.method.lam,final_jac_sq_mean/all,early_jac_sq_mean/all,final_w_over_A_mean/all,early_w_over_A_mean/all,final_sat_frac/all,early_sat_frac/all,cfg.method.kappa
adam_continual_backprop,adam_continual_backprop,0,adam_continual_backprop/seed0,/home/user/tez/results/pmnist_adam_methods/adam_continual_backprop/seed0,200,20,0.822377,0.82424,0.8256300000000001,1.0016864020188296,-0.0013900000000001134,0.0008341558538964803,0.8066,0.8244,online_accuracy,-0.0020000000000000018,-0.0018666666666666337,"[0, 25, 50, 75, 100, 125, 150, 175, 199]",0.035999999443689985,0.03166666626930237,0.035999999443689985,0.03166666626930237,0.09618283888511735,0.08542574287660165,42.493668878245614,36.029553435700365,2.3881902375167017,2.7370083072649085,36.44105072021485,37.21743297576904,4.061811833826516,4.096116769026052,41.08276519775391,41.32143020629883,4.139138984680176,2.2895769476890564,4.139138984680176,2.2895769476890564,135.80131301879882,34.992554664611816,135.80131301879882,34.992554664611816,4.700775241851806,3.6481237411499023,4.700775241851806,3.6481237411499023,6.244156301605278,5.663328565318695,0.09799673703593022,0.10122625398805077,0.09822366073946183,0.10142839084924711,0,4043.1467010974884,1000000,continual_backprop,pmnist,200,0,0,1,0,False,mlp,"[100, 100, 100]",relu,False,True,standard,standard,1.5,True,kaiming_uniform,zeros,False,amplitude,continual_backprop,0.0001,adam,0.001,0.0,1,1,5,1000,True,True,True,32,100,25,10.0,0.1,pmnist,200,5000,unit,,,,,,,,
adam_continual_backprop,adam_continual_backprop,1,adam_continual_backprop/seed1,/home/user/tez/results/pmnist_adam_methods/adam_continual_backprop/seed1,200,20,0.8217310000000001,0.82393,0.82161,0.9971842268153847,0.0023200000000000998,-0.0006700517512937976,0.7998,0.8216,online_accuracy,-0.0030000000000000027,0.003266666666666652,"[0, 25, 50, 75, 100, 125, 150, 175, 199]",0.02933333280185858,0.03916666687776645,0.02933333280185858,0.03916666687776645,0.09772661229830154,0.08282149821459886,42.86713073668413,35.22436415955549,2.6870586440553526,2.7755587254383496,37.24524688720703,35.973938941955566,4.1107456102830024,4.533438069197136,41.41371383666992,40.19734287261963,2.8691763877868652,2.2053496539592743,2.8691763877868652,2.2053496539592743,57.864881134033205,38.3545982837677,57.864881134033205,38.3545982837677,3.8351669311523438,3.0907761454582214,3.8351669311523438,3.0907761454582214,6.904752082195289,6.173902721039447,0.10189961885955505,0.10339229982493403,0.10210589303545074,0.10359665048070929,1,4026.163949251175,1000000,continual_backprop,pmnist,200,1,0,1,0,False,mlp,"[100, 100, 100]",relu,False,True,standard,standard,1.5,True,kaiming_uniform,zeros,False,amplitude,continual_backprop,0.0001,adam,0.001,0.0,1,1,5,1000,True,True,True,32,100,25,10.0,0.1,pmnist,200,5000,unit,,,,,,,,
adam_continual_backprop,adam_continual_backprop,2,adam_continual_backprop/seed2,/home/user/tez/results/pmnist_adam_methods/adam_continual_backprop/seed2,200,20,0.8232650000000001,0.8229000000000001,0.82391,1.0012273666302103,-0.0010099999999999554,0.0007320333008325904,0.8034,0.8114,online_accuracy,0.007199999999999984,0.0005333333333333363,"[0, 25, 50, 75, 100, 125, 150, 175, 199]",0.042666666333874066,0.04666666702056924,0.042666666333874066,0.04666666702056924,0.09525385497801261,0.08340407688133195,42.4164707936891,35.407512314117305,2.8155006139419387,2.9732045241745353,36.63251495361328,38.27303886413574,3.8932987863597104,4.343061656118084,40.37522735595703,42.57128715515137,2.452603840827942,3.9455977082252502,2.452603840827942,3.9455977082252502,70.86926155090332,79.43735122680664,70.86926155090332,79.43735122680664,4.239716482162476,5.614280819892883,4.239716482162476,5.614280819892883,6.092309314671154,5.693627151224091,0.10077741876746682,0.09560566946574825,0.10096257600918915,0.09581436455001889,2,4062.7201800346375,1000000,continual_backprop,pmnist,200,2,0,1,0,False,mlp,"[100, 100, 100]",relu,False,True,standard,standard,1.5,True,kaiming_uniform,zeros,False,amplitude,continual_backprop,0.0001,adam,0.001,0.0,1,1,5,1000,True,True,True,32,100,25,10.0,0.1,pmnist,200,5000,unit,,,,,,,,
adam_l2_init,adam_l2_init,0,adam_l2_init/seed0,/home/user/tez/results/pmnist_adam_methods/adam_l2_init/seed0,200,20,0.807572,0.8069200000000001,0.8085700000000001,1.002044812372974,-0.0016500000000000403,0.0015802595064877002,0.7906,0.7998,online_accuracy,-0.007799999999999918,-0.010999999999999985,"[0, 25, 50, 75, 100, 125, 150, 175, 199]",0.012666666507720947,0.0041666665735344095,0.012666666507720947,0.0041666665735344095,0.06235045594612597,0.062350536918256365,25.758593483201217,25.75472001111618,2.0620076840236132,2.0021321524517113,34.843014526367185,35.35397148132324,4.090330787994267,4.193739044255439,41.95813903808594,42.71607208251953,4.994295978546143,4.379487931728363,4.994295978546143,4.379487931728363,130.66387634277345,91.74298858642578,130.66387634277345,91.74298858642578,7.3641173362731935,7.086122751235962,7.3641173362731935,7.086122751235962,6.779629019423827,6.863381017844131,0.055658012630166884,0.055860693417004795,0.055787742759906264,0.05599062830247261,0,1856.1018862724304,1000000,l2_init,pmnist,200,0,0,1,0,False,mlp,"[100, 100, 100]",relu,False,True,standard,standard,1.5,True,kaiming_uniform,zeros,False,amplitude,l2_init,,adam,0.001,0.0,1,1,5,1000,True,True,True,32,100,25,,0.1,pmnist,200,5000,unit,0.01,,,,,,,
adam_l2_init,adam_l2_init,1,adam_l2_init/seed1,/home/user/tez/results/pmnist_adam_methods/adam_l2_init/seed1,200,20,0.8095319999999999,0.8101700000000001,0.808,0.9973215497981905,0.0021700000000000053,9.222230555780291e-05,0.7866,0.8084,online_accuracy,-0.023800000000000043,-0.013977777777777792,"[0, 25, 50, 75, 100, 125, 150, 175, 199]",0.011999999731779098,0.0024999999441206455,0.011999999731779098,0.0024999999441206455,0.06235958315812845,0.06251292368775642,25.83475707884719,25.87214163145844,2.1485907270884113,2.2754292916231282,33.53412780761719,35.46123123168945,4.061762496078858,3.792965451722968,39.955945587158205,41.76857566833496,5.23733434677124,3.7594775557518005,5.23733434677124,3.7594775557518005,82.91230850219726,49.64835453033447,82.91230850219726,49.64835453033447,8.004661273956298,5.504730403423309,8.004661273956298,5.504730403423309,6.984907634127792,6.720113068796094,0.05628001396413725,0.055574151526726324,0.05641065173984652,0.0557021752879886,1,1764.4553999900818,1000000,l2_init,pmnist,200,1,0,1,0,False,mlp,"[100, 100, 100]",relu,False,True,standard,standard,1.5,True,kaiming_uniform,zeros,False,amplitude,l2_init,,adam,0.001,0.0,1,1,5,1000,True,True,True,32,100,25,10.0,0.1,pmnist,200,5000,unit,0.01,,,,,,,
adam_l2_init,adam_l2_init,2,adam_l2_init/seed2,/home/user/tez/results/pmnist_adam_methods/adam_l2_init/seed2,200,20,0.8087190000000001,0.80486,0.80982,1.0061625624332182,-0.0049599999999999644,0.0010620415510388015,0.7936,0.8092,online_accuracy,-0.024399999999999977,-0.015577777777777777,"[0, 25, 50, 75, 100, 125, 150, 175, 199]",0.011333333080013592,0.009166666461775701,0.011333333080013592,0.009166666461775701,0.06217062282754142,0.062233616274367395,25.719188375178685,25.719323672738682,2.154827072433112,2.243191126916529,34.39371185302734,36.88926410675049,4.232774337709964,4.1018902794550804,40.723296356201175,43.48593235015869,5.159636545181274,5.733191967010498,5.159636545181274,5.733191967010498,131.12423248291014,77.86563682556152,131.12423248291014,77.86563682556152,8.227300643920898,8.30830717086792,8.227300643920898,8.30830717086792,6.311060775295696,6.164409053661478,0.05460376268161314,0.055880056396690914,0.054730296756789566,0.05600965486309907,2,1895.492434501648,1000000,l2_init,pmnist,200,2,0,1,0,False,mlp,"[100, 100, 100]",relu,False,True,standard,standard,1.5,True,kaiming_uniform,zeros,False,amplitude,l2_init,,adam,0.001,0.0,1,1,5,1000,True,True,True,32,100,25,10.0,0.1,pmnist,200,5000,unit,0.01,,,,,,,
adam_nap,adam_nap,0,adam_nap/seed0,/home/user/tez/results/pmnist_adam_methods/adam_nap/seed0,200,20,0.844751,0.8430799999999999,0.8469899999999999,1.004637756796508,-0.003909999999999969,0.001745608640215792,0.823,0.8436,online_accuracy,-0.02080000000000004,-0.020511111111111122,"[0, 25, 50, 75, 100, 125, 150, 175, 199]",0.018666666249434156,0.01749999960884452,0.018666666249434156,0.01749999960884452,0.06888217537647762,0.05506409263227068,82.00368321264258,26.301210757373802,1.0832996340222012,2.2047675311436725,11.971560859680176,29.36904764175415,3.4342168496432977,4.553489891485614,29.13945541381836,34.354734897613525,2.8411203145980837,1.8317052721977234,2.8411203145980837,1.8317052721977234,37.762146377563475,34.65800213813782,37.762146377563475,34.65800213813782,5.333648014068603,4.571650803089142,5.333648014068603,4.571650803089142,4.169809751436742,4.147269275197774,0.0572879344563462,0.05728663951711797,0.05741126887970589,0.0574079924278746,0,3131.9681758880615,1000000,nap,pmnist,200,0,0,1,0,False,mlp,"[100, 100, 100]",relu,True,False,standard,standard,1.5,True,kaiming_uniform,zeros,False,amplitude,nap,,adam,0.001,0.0,1,1,5,1000,True,True,True,32,100,25,10.0,0.1,pmnist,200,5000,unit,,,,,,,,
adam_nap,adam_nap,1,adam_nap/seed1,/home/user/tez/results/pmnist_adam_methods/adam_nap/seed1,200,20,0.8443999999999999,0.8416399999999999,0.8435499999999999,1.0022693788318044,-0.0019099999999999673,0.0006771169279230732,0.8246,0.8312,online_accuracy,-0.017800000000000038,-0.021177777777777778,"[0, 25, 50, 75, 100, 125, 150, 175, 199]",0.021999999756614368,0.008333333147068819,0.021999999756614368,0.008333333147068819,0.07042163135060361,0.055244596930336905,90.68132172842175,26.418963034071545,1.1079717593913883,2.3144592202531635,13.621178245544433,29.93848705291748,3.488555493438244,4.269517835513479,29.815608978271484,34.65030241012573,2.0095649003982543,2.0726139545440674,2.0095649003982543,2.0726139545440674,29.746272087097168,27.086705684661865,29.746272087097168,27.086705684661865,4.051776909828186,3.8677863478660583,4.051776909828186,3.8677863478660583,4.168808423087859,4.279564695034449,0.058434433692224355,0.057752639127203395,0.058557181023919366,0.057874676881482415,1,3408.266438961029,1000000,nap,pmnist,200,1,0,1,0,False,mlp,"[100, 100, 100]",relu,True,False,standard,standard,1.5,True,kaiming_uniform,zeros,False,amplitude,nap,,adam,0.001,0.0,1,1,5,1000,True,True,True,32,100,25,10.0,0.1,pmnist,200,5000,unit,,,,,,,,
adam_nap,adam_nap,2,adam_nap/seed2,/home/user/tez/results/pmnist_adam_methods/adam_nap/seed2,200,20,0.8448150000000001,0.8396399999999999,0.84756,1.009432613977419,-0.007920000000000038,0.0025526888172204146,0.8172,0.8446,online_accuracy,-0.02760000000000007,-0.023022222222222215,"[0, 25, 50, 75, 100, 125, 150, 175, 199]",0.018666666249434152,0.012499999720603228,0.018666666249434152,0.012499999720603228,0.06979784959758552,0.054946775417212754,86.83490961682635,26.248983739080398,1.1005221636651048,2.289556977667214,13.647259140014649,30.311885833740234,3.6864567075687598,4.777231085764127,30.49448127746582,35.149681091308594,2.4650904178619384,2.3003393709659576,2.4650904178619384,2.3003393709659576,30.241521453857423,33.12388467788696,30.241521453857423,33.12388467788696,5.0049646377563475,4.396018862724304,5.0049646377563475,4.396018862724304,3.835204659926268,3.982076907058842,0.055675794544703325,0.05667453246015338,0.05579314932760959,0.05679301264471477,2,3410.1280267238617,1000000,nap,pmnist,200,2,0,1,0,False,mlp,"[100, 100, 100]",relu,True,False,standard,standard,1.5,True,kaiming_uniform,zeros,False,amplitude,nap,,adam,0.001,0.0,1,1,5,1000,True,True,True,32,100,25,10.0,0.1,pmnist,200,5000,unit,,,,,,,,
adam_sin_cbp,adam_sin_cbp,0,adam_sin_cbp/seed0,/home/user/tez/results/pmnist_adam_methods/adam_sin_cbp/seed0,200,20,0.840592,0.83475,0.8440299999999998,1.0111171009284214,-0.009279999999999844,0.004047161179029696,0.821,0.8416,online_accuracy,-0.015800000000000036,-0.01640000000000001,"[0, 25, 50, 75, 100, 125, 150, 175, 199]",0.019999999677141507,0.02333333281179269,0.019999999677141507,0.02333333281179269,0.07880440881986253,0.0753993119560257,30.82002277099769,29.679861615990532,2.7965927274696876,2.9321165598069183,33.573495864868164,37.29200077056885,4.233024105401383,3.9590339007051374,37.54504241943359,41.44235420227051,2.75447301864624,2.5608228743076324,1.8822848796844482,2.0313006043434143,54.66598625183106,42.35333013534546,25.933849143981934,25.072059273719788,3.8899240493774414,3.05054971575737,3.7923750400543215,3.0092163383960724,4.0135827377931435,4.756117540843621,0.08530701186392482,0.09185080654663537,0.10076221747443734,0.10423172079167826,0,6213.2850387096405,1000000,continual_backprop,pmnist,200,0,0,1,0,False,mlp,"[100, 100, 100]",relu,False,True,sin,sin,1.5,True,kaiming_uniform,zeros,False,amplitude,continual_backprop,0.0001,adam,0.001,0.0,1,1,5,1000,True,True,True,32,100,25,10.0,0.1,pmnist,200,5000,unit,,0.6585514692156847,0.6921219354088398,0.4883086623991999,0.4620996631031305,0.09330583501006036,0.06610160965794769,
adam_sin_cbp,adam_sin_cbp,1,adam_sin_cbp/seed1,/home/user/tez/results/pmnist_adam_methods/adam_sin_cbp/seed1,200,20,0.8392060000000001,0.83499,0.8396500000000001,1.0055809051605409,-0.0046600000000001085,0.0033468236705917636,0.8196,0.8416,online_accuracy,-0.02180000000000004,-0.015177777777777771,"[0, 25, 50, 75, 100, 125, 150, 175, 199]",0.02466666636367639,0.016666666604578495,0.02466666636367639,0.016666666604578495,0.0788348416303485,0.07458459733237684,30.95275853952314,29.44869225978784,2.8909547661516375,2.959843786092492,34.52342147827149,36.27135181427002,4.142606856678233,4.308101297891002,38.253291320800784,40.38234806060791,3.451326513290405,2.5536454617977142,2.404754400253296,1.9646522402763367,73.28739318847656,58.39736747741699,36.62921228408813,35.41581392288208,4.522136688232422,3.9153834879398346,4.55850133895874,3.9409562945365906,4.472315799447914,4.65610934983742,0.08494146109371253,0.08869809715701601,0.09576788641279396,0.09955245205840253,1,6245.8754189014435,1000000,continual_backprop,pmnist,200,1,0,1,0,False,mlp,"[100, 100, 100]",relu,False,True,sin,sin,1.5,True,kaiming_uniform,zeros,False,amplitude,continual_backprop,0.0001,adam,0.001,0.0,1,1,5,1000,True,True,True,32,100,25,10.0,0.1,pmnist,200,5000,unit,,0.6605548689475722,0.6999564416835486,0.48677848757584574,0.4559061625306035,0.09075855130784707,0.059139839034205235,
adam_sin_cbp,adam_sin_cbp,2,adam_sin_cbp/seed2,/home/user/tez/results/pmnist_adam_methods/adam_sin_cbp/seed2,200,20,0.8390809999999999,0.8327899999999999,0.84085,1.0096783102582885,-0.008060000000000067,0.004644701117528178,0.8188,0.8324,online_accuracy,-0.018199999999999994,-0.012911111111111095,"[0, 25, 50, 75, 100, 125, 150, 175, 199]",0.024666666612029077,0.03333333460614085,0.024666666612029077,0.03333333460614085,0.07930331089319118,0.07438040493479678,31.04975078797756,29.34064167697889,3.349472495624034,3.0268297529714916,36.98497695922852,37.86285400390625,4.867264645000394,4.45548782374931,40.37799301147461,41.94124412536621,3.5758381366729735,4.072819411754608,2.517845344543457,3.168233275413513,80.54258804321289,72.12272262573242,40.26858348846436,44.18838691711426,5.185162115097046,6.298156142234802,5.105771684646607,6.242244839668274,3.9384655286310157,4.425552729252084,0.0857127648606121,0.08883703845944561,0.09861176736154217,0.10085194903990388,2,6238.88036608696,1000000,continual_backprop,pmnist,200,2,0,1,0,False,mlp,"[100, 100, 100]",relu,False,True,sin,sin,1.5,True,kaiming_uniform,zeros,False,amplitude,continual_backprop,0.0001,adam,0.001,0.0,1,1,5,1000,True,True,True,32,100,25,10.0,0.1,pmnist,200,5000,unit,,0.6554747766997493,0.6985900215747611,0.4909568090918558,0.45625354244915295,0.0934225352112676,0.06201710261569417,
adam_tri,adam_tri,0,adam_tri/seed0,/home/user/tez/results/pmnist_adam_methods/adam_tri/seed0,200,20,0.7844890000000001,0.79918,0.7608800000000001,0.9520758777747192,0.03829999999999989,-0.01197385434635853,0.6916,0.7324,online_accuracy,0.07619999999999993,0.021644444444444428,"[0, 25, 50, 75, 100, 125, 150, 175, 199]",0.3386666680375735,0.23249999868373078,0.3386666680375735,0.23249999868373078,0.06657114811058736,0.0642363227253229,27.354282454111303,26.24404512769251,2.6793393487925714,2.6500180121657184,24.982027053833008,30.121877193450928,3.7552286598199216,4.341700481481957,27.832541275024415,34.04207134246826,9.568822288513184,4.630545735359192,9.568822288513184,4.630545735359192,288.6855041503906,120.74230861663818,288.6855041503906,120.74230861663818,6.481840991973877,4.730589866638184,6.481840991973877,4.730589866638184,11.393134609212657,8.81220878931033,0.025131294198069386,0.0336204247513223,0.025371387348624312,0.03384945684708573,0,7882.695735692978,1000000,baseline,pmnist,200,0,0,1,0,False,mlp,"[100, 100, 100]",relu,False,True,tri,tri,1.0,True,kaiming_uniform,zeros,False,amplitude,baseline,,adam,0.001,0.0,1,1,5,1000,True,True,True,32,100,25,10.0,0.1,pmnist,200,5000,unit,,1.0,1.0,0.542749418508119,0.5322119208168936,0.0,0.0,
adam_tri,adam_tri,1,adam_tri/seed1,/home/user/tez/results/pmnist_adam_methods/adam_tri/seed1,200,20,0.7891670000000001,0.8108099999999998,0.7550800000000001,0.9312662645995983,0.055729999999999724,-0.014137718442960929,0.6554,0.698,online_accuracy,0.10640000000000005,0.03617777777777777,"[0, 25, 50, 75, 100, 125, 150, 175, 199]",0.35733333478371304,0.2474999944679439,0.35733333478371304,0.2474999944679439,0.06591218413385587,0.06436078940838635,27.12154250238666,26.33203607784675,2.629134139303635,2.6523100176679533,23.024131774902344,28.917296409606934,3.8355948505108466,3.888820561778829,25.66807289123535,32.70148849487305,8.164802074432373,6.140687584877014,8.164802074432373,6.140687584877014,170.55646362304688,122.69714426994324,170.55646362304688,122.69714426994324,7.708083724975586,5.626734733581543,7.708083724975586,5.626734733581543,11.780336721450357,8.329584636840583,0.02596412992876826,0.03299259188347623,0.02620270603729859,0.033221569264741166,1,7935.446000337601,1000000,baseline,pmnist,200,1,0,1,0,False,mlp,"[100, 100, 100]",relu,False,True,tri,tri,1.0,True,kaiming_uniform,zeros,False,amplitude,baseline,,adam,0.001,0.0,1,1,5,1000,True,True,True,32,100,25,10.0,0.1,pmnist,200,5000,unit,,1.0,1.0,0.5398466261435803,0.532731528330137,0.0,0.0,
adam_tri,adam_tri,2,adam_tri/seed2,/home/user/tez/results/pmnist_adam_methods/adam_tri/seed2,200,20,0.7882300000000001,0.79863,0.7978,0.9989607202333997,0.0008299999999999974,-0.002329438235955956,0.7022,0.7676,online_accuracy,0.03080000000000005,0.02653333333333336,"[0, 25, 50, 75, 100, 125, 150, 175, 199]",0.32533333239456014,0.24416666353742283,0.32533333239456014,0.24416666353742283,0.06626515560035015,0.06437779374765439,27.174737273395216,26.308293453257413,2.8886423085856507,2.816335928791979,27.391965103149413,29.471412181854248,4.166014509614782,3.7733938567909333,30.276958465576172,32.950337409973145,7.604244709014893,6.545339226722717,7.604244709014893,6.545339226722717,200.19165649414063,105.84124183654785,200.19165649414063,105.84124183654785,6.354914426803589,6.972225666046143,6.354914426803589,6.972225666046143,10.25633508489403,8.77480117463707,0.026035944557557034,0.03309787331870489,0.026265292580835993,0.03333109092336407,2,7854.122765779495,1000000,baseline,pmnist,200,2,0,1,0,False,mlp,"[100, 100, 100]",relu,False,True,tri,tri,1.0,True,kaiming_uniform,zeros,False,amplitude,baseline,,adam,0.001,0.0,1,1,5,1000,True,True,True,32,100,25,10.0,0.1,pmnist,200,5000,unit,,1.0,1.0,0.5417303453288087,0.5327986843485227,0.0,0.0,
adam_weight_clipping,adam_weight_clipping,0,adam_weight_clipping/seed0,/home/user/tez/results/pmnist_adam_methods/adam_weight_clipping/seed0,200,20,0.7972509999999999,0.8063799999999999,0.8022,0.9948163396909647,0.0041799999999998505,-0.0002639615990400053,0.6872,0.8058,online_accuracy,0.008000000000000007,0.018155555555555553,"[0, 25, 50, 75, 100, 125, 150, 175, 199]",0.34733333612481754,0.23500000111137825,0.34733333612481754,0.23500000111137825,0.0702757267788862,0.06739401579382914,28.295397094361334,27.162190799776035,2.888223884512578,2.635621890860003,26.88631706237793,29.554370880126953,4.265771005714905,3.6708377517942736,29.770652770996094,33.273778438568115,7.014074897766113,5.049613893032074,7.014074897766113,5.049613893032074,219.64618072509765,96.3153305053711,219.64618072509765,96.3153305053711,5.835176944732666,5.274973213672638,5.835176944732666,5.274973213672638,9.756244887139244,8.334554164941855,0.025084012788425758,0.03263669063140866,0.025268155054481524,0.03280453632655091,0,4390.5061593055725,1000000,weight_clipping,pmnist,200,0,0,1,0,False,mlp,"[100, 100, 100]",relu,False,True,standard,standard,1.5,True,kaiming_uniform,zeros,False,amplitude,weight_clipping,,adam,0.001,0.0,1,1,5,1000,True,True,True,32,100,25,,0.1,pmnist,200,5000,unit,,,,,,,,1.0
adam_weight_clipping,adam_weight_clipping,1,adam_weight_clipping/seed1,/home/user/tez/results/pmnist_adam_methods/adam_weight_clipping/seed1,200,20,0.7900449999999999,0.81124,0.7924900000000001,0.9768872343572804,0.018749999999999822,-0.012535828395709582,0.664,0.6788,online_accuracy,0.12980000000000003,0.029977777777777794,"[0, 25, 50, 75, 100, 125, 150, 175, 199]",0.349333335707585,0.2458333365308742,0.349333335707585,0.2458333365308742,0.07069591342611332,0.06779793944637061,28.456314691310645,27.30533452162709,2.9767197452188783,2.683082614130927,26.064254379272462,29.3598952293396,4.282553389532026,4.120887170138318,28.88735122680664,33.16778516769409,7.399467945098877,5.210417330265045,7.399467945098877,5.210417330265045,219.49235992431642,118.94757652282715,219.49235992431642,118.94757652282715,6.237602233886719,4.141523241996765,6.237602233886719,4.141523241996765,11.02636458949281,8.433930856717168,0.02500274905489137,0.032915298763765935,0.025194353922565214,0.033074838299078396,1,4448.924696683884,1000000,weight_clipping,pmnist,200,1,0,1,0,False,mlp,"[100, 100, 100]",relu,False,True,standard,standard,1.5,True,kaiming_uniform,zeros,False,amplitude,weight_clipping,,adam,0.001,0.0,1,1,5,1000,True,True,True,32,100,25,,0.1,pmnist,200,5000,unit,,,,,,,,1.0
adam_weight_clipping,adam_weight_clipping,2,adam_weight_clipping/seed2,/home/user/tez/results/pmnist_adam_methods/adam_weight_clipping/seed2,200,20,0.7953619999999999,0.8079500000000002,0.78523,0.9718794479856424,0.022720000000000184,-0.011582419560488968,0.6978,0.7888,online_accuracy,0.013400000000000079,0.022266666666666657,"[0, 25, 50, 75, 100, 125, 150, 175, 199]",0.3380000039935112,0.23416666795189184,0.3380000039935112,0.23416666795189184,0.07065881132743729,0.06706270764771122,28.471509152082188,27.03609694557908,2.9314676877137775,2.803389712783213,26.60751266479492,30.25015687942505,4.031072505074944,3.9172624050703346,29.4285530090332,34.05594444274902,8.24946346282959,6.546650171279907,8.24946346282959,6.546650171279907,226.61016235351562,129.01176166534424,226.61016235351562,129.01176166534424,8.745146369934082,6.605761170387268,8.745146369934082,6.605761170387268,10.70922344779252,7.795813648745879,0.024771941313107653,0.03268532748456883,0.024962107068705962,0.032848379009998714,2,4409.6245810985565,1000000,weight_clipping,pmnist,200,2,0,1,0,False,mlp,"[100, 100, 100]",relu,False,True,standard,standard,1.5,True,kaiming_uniform,zeros,False,amplitude,weight_clipping,,adam,0.001,0.0,1,1,5,1000,True,True,True,32,100,25,,0.1,pmnist,200,5000,unit,,,,,,,,1.0
sin/output_only_cbp,sin,0,sin/output_only_cbp/seed0,/home/user/tez/results/pmnist_adam_methods/sin/output_only_cbp/seed0,200,20,0.824901,0.82194,0.82454,1.0031632479256394,-0.0026000000000000467,0.0032932573314338686,0.7792,0.8172,online_accuracy,-0.057599999999999985,-0.05019999999999999,"[0, 25, 50, 75, 100, 125, 150, 175, 199]",0.0,0.0008333333147068819,0.0,0.0008333333147068819,0.05163767320721202,0.056747163642100404,22.70264918063203,23.900140146611673,2.1102269275556274,1.7463106091696108,33.576290893554685,34.84280014038086,4.118382245548963,3.7724656662385185,39.89527893066406,44.16571617126465,3.6482932567596436,4.709854543209076,3.4421793460845946,4.557031989097595,161.71273345947264,108.06693840026855,145.90912322998048,101.77084159851074,3.7920175552368165,5.351927399635315,3.767983341217041,5.346326231956482,8.446947692897574,9.078464754666724,0.05590716345736002,0.06144656861826083,0.056194840801211045,0.06191105539831303,0,2195.691870689392,1000000,continual_backprop,pmnist,200,0,0,1,0,False,mlp,"[100, 100, 100]",relu,False,True,standard,sin,1.5,True,kaiming_uniform,zeros,False,amplitude,continual_backprop,0.0001,sgd,0.003,0.0,1,1,5,1000,True,True,True,32,100,25,10.0,0.1,pmnist,200,5000,unit,,0.5193121582031249,0.7072332305908202,0.5840345703125001,0.4608191909790039,0.19820000000000002,0.0025,
sin/output_only_cbp,sin,1,sin/output_only_cbp/seed1,/home/user/tez/results/pmnist_adam_methods/sin/output_only_cbp/seed1,200,20,0.8223400000000001,0.8217299999999998,0.82561,1.004721745585533,-0.0038800000000001056,0.0024539113477837363,0.7674,0.8202,online_accuracy,-0.05300000000000005,-0.04615555555555557,"[0, 25, 50, 75, 100, 125, 150, 175, 199]",0.0006666666517655055,0.0,0.0006666666517655055,0.0,0.05137358308174241,0.056041219066566145,22.569880723058233,23.65937168664916,2.0238109865228786,1.8293122296171584,32.829413986206056,34.251502990722656,3.7717533074575753,3.785726760097951,39.36184539794922,43.108521461486816,5.480436038970947,4.3558549880981445,5.099145221710205,4.207438588142395,176.8860656738281,110.64044952392578,157.61261901855468,103.889817237854,5.006793594360351,5.487139105796814,4.9343079090118405,5.478749454021454,9.50567272675496,8.731794910956705,0.05918348538691941,0.06132676651592415,0.05950281170612075,0.06175306589790095,1,2141.748296022415,1000000,continual_backprop,pmnist,200,1,0,1,0,False,mlp,"[100, 100, 100]",relu,False,True,standard,sin,1.5,True,kaiming_uniform,zeros,False,amplitude,continual_backprop,0.0001,sgd,0.003,0.0,1,1,5,1000,True,True,True,32,100,25,10.0,0.1,pmnist,200,5000,unit,,0.5269410278320313,0.7256471405029298,0.5830719116210938,0.43349111175537114,0.19319999999999998,0.00175,
sin/output_only_cbp,sin,2,sin/output_only_cbp/seed2,/home/user/tez/results/pmnist_adam_methods/sin/output_only_cbp/seed2,200,20,0.8252280000000001,0.8176599999999998,0.82713,1.0115818310789328,-0.0094700000000002,0.0036309307732695618,0.7614,0.8178,online_accuracy,-0.05699999999999994,-0.0584222222222222,"[0, 25, 50, 75, 100, 125, 150, 175, 199]",0.0006666666517655055,0.0,0.0006666666517655055,0.0,0.05190727135640995,0.05591268428134726,22.980127932393426,23.567660205426932,1.6216400557371238,1.8659131870247343,31.23910026550293,35.236276626586914,3.1336425940996855,4.080258065652052,39.639435577392575,43.80207061767578,6.300781774520874,6.3487138748168945,5.828868389129639,6.172345161437988,177.7887161254883,181.49106216430664,150.0876663208008,171.720703125,5.986234331130982,6.383854985237122,6.003944301605225,6.370638608932495,8.478432911733169,8.330974026008771,0.0562900386810423,0.059171579241065385,0.056572437916415606,0.05959275863138173,2,2064.017542362213,1000000,continual_backprop,pmnist,200,2,0,1,0,False,mlp,"[100, 100, 100]",relu,False,True,standard,sin,1.5,True,kaiming_uniform,zeros,False,amplitude,continual_backprop,0.0001,sgd,0.003,0.0,1,1,5,1000,True,True,True,32,100,25,10.0,0.1,pmnist,200,5000,unit,,0.5123763366699219,0.722489944458008,0.59481103515625,0.4391539077758789,0.18460000000000001,0.00175,
